{"type":"FeatureCollection","zone":"14","order":"TRO-16a-2025","features":[{"type":"Feature","id":"permit-z14-4.13-1","geometry":{"type":"Polygon","coordinates":[[[-0.131875,50.843382],[-0.131864,50.843375],[-0.131853,50.843367],[-0.131843,50.843358],[-0.131836,50.843349],[-0.131829,50.84334],[-0.131822,50.843332],[-0.131816,50.843324],[-0.131809,50.843316],[-0.131802,50.843306],[-0.131795,50.843296],[-0.131791,50.843286],[-0.131788,50.843275],[-0.131786,50.843266],[-0.131783,50.843256],[-0.131781,50.843246],[-0.131782,50.843236],[-0.131782,50.843226],[-0.131783,50.843217],[-0.131784,50.843208],[-0.131784,50.843199],[-0.131785,50.843189],[-0.131786,50.84318],[-0.131786,50.843171],[-0.131787,50.843162],[-0.131787,50.843153],[-0.131788,50.843144],[-0.131789,50.843135],[-0.131789,50.843126],[-0.13179,50.843117],[-0.131791,50.843108],[-0.131792,50.843099],[-0.131792,50.84309],[-0.131793,50.843081],[-0.131794,50.843072],[-0.131794,50.843063],[-0.131795,50.843054],[-0.131796,50.843045],[-0.131796,50.843036],[-0.131797,50.843027],[-0.131798,50.843018],[-0.131798,50.843009],[-0.131799,50.843],[-0.1318,50.842991],[-0.131801,50.842982],[-0.131801,50.842973],[-0.131802,50.842963],[-0.131803,50.842954],[-0.131803,50.842945],[-0.131804,50.842936],[-0.131805,50.842927],[-0.131805,50.842918],[-0.131806,50.842909],[-0.131807,50.8429],[-0.131808,50.842891],[-0.131808,50.842882],[-0.131837,50.842883],[-0.131836,50.842892],[-0.131835,50.842901],[-0.131835,50.84291],[-0.131834,50.842919],[-0.131833,50.842928],[-0.131832,50.842937],[-0.131832,50.842946],[-0.131831,50.842955],[-0.13183,50.842964],[-0.13183,50.842973],[-0.131829,50.842982],[-0.131828,50.842991],[-0.131828,50.843001],[-0.131827,50.84301],[-0.131826,50.843019],[-0.131826,50.843028],[-0.131825,50.843037],[-0.131824,50.843046],[-0.131823,50.843055],[-0.131823,50.843064],[-0.131822,50.843073],[-0.131821,50.843082],[-0.131821,50.843091],[-0.13182,50.8431],[-0.131819,50.843109],[-0.131819,50.843118],[-0.131818,50.843127],[-0.131817,50.843136],[-0.131817,50.843145],[-0.131816,50.843154],[-0.131815,50.843163],[-0.131815,50.843172],[-0.131814,50.843181],[-0.131813,50.84319],[-0.131813,50.843199],[-0.131812,50.843208],[-0.131811,50.843217],[-0.131811,50.843226],[-0.13181,50.843236],[-0.13181,50.843245],[-0.131811,50.843254],[-0.131814,50.843263],[-0.131816,50.843272],[-0.131819,50.843281],[-0.131822,50.843291],[-0.131828,50.843299],[-0.131835,50.843307],[-0.131841,50.843316],[-0.131848,50.843324],[-0.131854,50.843332],[-0.13186,50.84334],[-0.131867,50.843348],[-0.131876,50.843356],[-0.131886,50.843363],[-0.131896,50.843369],[-0.131875,50.843382]]]},"properties":{"id":"permit-z14-4.13-1","type":"permit","zone":"14","red_route":false,"tariff":null,"pay_by_phone":null,"max_stay_mins":null,"no_return_mins":null,"schedule":[{"days":["mon","tue","wed","thu","fri","sat","sun"],"start":"08:00","end":"20:00"}],"days_raw":"Mon to Sun","times_raw":"8 am to 8 pm","max_stay_raw":null,"no_return_raw":null,"layer_raw":"TRO-16a-2025 Part 4.13 item 1","area_m2":112.3,"perimeter_m":116.4,"centroid":[-0.131814,50.843138],"source_objectid":null,"issues":null,"source":"traffic_order","source_text":"Adams Close, E side: From the prolongation of the northern building line of property No.1 Adams Close southwards for 55 metres","source_url":"https://tro.tpt.gov.uk/TRO/Brighton%20and%20Hove/912-CPZ-Amend-4-2026-TRO16a2025.pdf","price_band":null}},{"type":"Feature","id":"permit-z14-4.13-2","geometry":{"type":"Polygon","coordinates":[[[-0.12651,50.841906],[-0.126505,50.841913],[-0.1265,50.841921],[-0.126494,50.841928],[-0.126487,50.841936],[-0.126481,50.841944],[-0.126474,50.841953],[-0.126468,50.841961],[-0.126462,50.841969],[-0.126455,50.841977],[-0.126449,50.841985],[-0.126443,50.841993],[-0.126436,50.842001],[-0.12643,50.842009],[-0.126424,50.842017],[-0.126417,50.842025],[-0.126411,50.842033],[-0.126404,50.842041],[-0.126398,50.842049],[-0.126391,50.842057],[-0.126385,50.842066],[-0.12641,50.842074],[-0.126417,50.842066],[-0.126423,50.842058],[-0.12643,50.84205],[-0.126436,50.842041],[-0.126443,50.842033],[-0.126449,50.842025],[-0.126455,50.842017],[-0.126462,50.842009],[-0.126468,50.842001],[-0.126474,50.841993],[-0.126481,50.841985],[-0.126487,50.841977],[-0.126494,50.841969],[-0.1265,50.841961],[-0.126506,50.841953],[-0.126513,50.841944],[-0.126519,50.841936],[-0.126525,50.841929],[-0.126531,50.841921],[-0.126537,50.841913],[-0.12651,50.841906]]]},"properties":{"id":"permit-z14-4.13-2","type":"permit","zone":"14","red_route":false,"tariff":null,"pay_by_phone":null,"max_stay_mins":null,"no_return_mins":null,"schedule":[{"days":["mon","tue","wed","thu","fri","sat","sun"],"start":"08:00","end":"20:00"}],"days_raw":"Mon to Sun","times_raw":"8 am to 8 pm","max_stay_raw":null,"no_return_raw":null,"layer_raw":"TRO-16a-2025 Part 4.13 item 2","area_m2":39.6,"perimeter_m":43.6,"centroid":[-0.126461,50.841996],"source_objectid":null,"issues":null,"source":"traffic_order","source_text":"Davey Drive, E side: From a point 3.5 metres North of the northern building line of No.98 Davey Drive southwards for 20 metres","source_url":"https://tro.tpt.gov.uk/TRO/Brighton%20and%20Hove/912-CPZ-Amend-4-2026-TRO16a2025.pdf","price_band":null}},{"type":"Feature","id":"permit-z14-4.13-3","geometry":{"type":"Polygon","coordinates":[[[-0.126626,50.841687],[-0.126622,50.841696],[-0.126618,50.841704],[-0.126614,50.841713],[-0.126611,50.841722],[-0.126607,50.841731],[-0.126603,50.841739],[-0.126599,50.841748],[-0.126596,50.841757],[-0.126592,50.841766],[-0.126588,50.841774],[-0.126585,50.841782],[-0.126581,50.84179],[-0.126576,50.841797],[-0.126571,50.841805],[-0.126566,50.841814],[-0.126561,50.841822],[-0.126556,50.841831],[-0.12655,50.841839],[-0.126545,50.841847],[-0.12654,50.841856],[-0.126535,50.841864],[-0.12653,50.841873],[-0.126556,50.841879],[-0.126562,50.841871],[-0.126567,50.841862],[-0.126572,50.841854],[-0.126577,50.841846],[-0.126582,50.841837],[-0.126587,50.841829],[-0.126592,50.84182],[-0.126598,50.841812],[-0.126603,50.841804],[-0.126608,50.841795],[-0.126612,50.841787],[-0.126615,50.841779],[-0.126619,50.84177],[-0.126623,50.841762],[-0.126627,50.841753],[-0.126631,50.841744],[-0.126634,50.841735],[-0.126638,50.841727],[-0.126642,50.841718],[-0.126646,50.841709],[-0.126649,50.841701],[-0.126653,50.841692],[-0.126626,50.841687]]]},"properties":{"id":"permit-z14-4.13-3","type":"permit","zone":"14","red_route":false,"tariff":null,"pay_by_phone":null,"max_stay_mins":null,"no_return_mins":null,"schedule":[{"days":["mon","tue","wed","thu","fri","sat","sun"],"start":"08:00","end":"20:00"}],"days_raw":"Mon to Sun","times_raw":"8 am to 8 pm","max_stay_raw":null,"no_return_raw":null,"layer_raw":"TRO-16a-2025 Part 4.13 item 3","area_m2":43.5,"perimeter_m":47.5,"centroid":[-0.126595,50.841778],"source_objectid":null,"issues":null,"source":"traffic_order","source_text":"Davey Drive, E side: From a point 20.5 metres South of the northern building line of No.98 Davey Drive southwards for 22 metres","source_url":"https://tro.tpt.gov.uk/TRO/Brighton%20and%20Hove/912-CPZ-Amend-4-2026-TRO16a2025.pdf","price_band":null}},{"type":"Feature","id":"permit-z14-4.13-4","geometry":{"type":"Polygon","coordinates":[[[-0.126698,50.841502],[-0.126696,50.841511],[-0.126693,50.84152],[-0.12669,50.841529],[-0.126688,50.841538],[-0.126685,50.841546],[-0.126683,50.841554],[-0.12668,50.841563],[-0.126676,50.841571],[-0.126672,50.841579],[-0.126669,50.841588],[-0.126665,50.841597],[-0.126661,50.841605],[-0.126689,50.84161],[-0.126692,50.841601],[-0.126696,50.841593],[-0.1267,50.841584],[-0.126704,50.841575],[-0.126707,50.841567],[-0.126711,50.841558],[-0.126713,50.84155],[-0.126716,50.841541],[-0.126718,50.841532],[-0.126721,50.841523],[-0.126724,50.841515],[-0.126726,50.841506],[-0.126698,50.841502]]]},"properties":{"id":"permit-z14-4.13-4","type":"permit","zone":"14","red_route":false,"tariff":null,"pay_by_phone":null,"max_stay_mins":null,"no_return_mins":null,"schedule":[{"days":["mon","tue","wed","thu","fri","sat","sun"],"start":"08:00","end":"20:00"}],"days_raw":"Mon to Sun","times_raw":"8 am to 8 pm","max_stay_raw":null,"no_return_raw":null,"layer_raw":"TRO-16a-2025 Part 4.13 item 4","area_m2":23.5,"perimeter_m":27.5,"centroid":[-0.126695,50.841559],"source_objectid":null,"issues":null,"source":"traffic_order","source_text":"Davey Drive, E side: From a point 5.5 metres North of the southern building line of No.82 Davey Drive northwards for 12 metres","source_url":"https://tro.tpt.gov.uk/TRO/Brighton%20and%20Hove/912-CPZ-Amend-4-2026-TRO16a2025.pdf","price_band":null}},{"type":"Feature","id":"permit-z14-4.13-5","geometry":{"type":"Polygon","coordinates":[[[-0.126849,50.841027],[-0.126846,50.841036],[-0.126843,50.841045],[-0.126841,50.841053],[-0.126838,50.841062],[-0.126835,50.841071],[-0.126832,50.84108],[-0.126829,50.841089],[-0.126826,50.841098],[-0.126854,50.841101],[-0.126857,50.841093],[-0.12686,50.841084],[-0.126863,50.841075],[-0.126866,50.841066],[-0.126868,50.841057],[-0.126871,50.841048],[-0.126874,50.841039],[-0.126877,50.84103],[-0.126849,50.841027]]]},"properties":{"id":"permit-z14-4.13-5","type":"permit","zone":"14","red_route":false,"tariff":null,"pay_by_phone":null,"max_stay_mins":null,"no_return_mins":null,"schedule":[{"days":["mon","tue","wed","thu","fri","sat","sun"],"start":"08:00","end":"20:00"}],"days_raw":"Mon to Sun","times_raw":"8 am to 8 pm","max_stay_raw":null,"no_return_raw":null,"layer_raw":"TRO-16a-2025 Part 4.13 item 5","area_m2":16.0,"perimeter_m":20.0,"centroid":[-0.126852,50.841072],"source_objectid":null,"issues":null,"source":"traffic_order","source_text":"Davey Drive, E side: From a point 1 metre North of the southern property line of No.74 Davey Drive northwards for 8 metres","source_url":"https://tro.tpt.gov.uk/TRO/Brighton%20and%20Hove/912-CPZ-Amend-4-2026-TRO16a2025.pdf","price_band":null}},{"type":"Feature","id":"permit-z14-4.13-6","geometry":{"type":"Polygon","coordinates":[[[-0.126891,50.84092],[-0.126888,50.840928],[-0.126885,50.840936],[-0.126881,50.840944],[-0.126878,50.840952],[-0.126875,50.84096],[-0.126872,50.840968],[-0.126899,50.840973],[-0.126903,50.840965],[-0.126906,50.840957],[-0.126909,50.840949],[-0.126912,50.840941],[-0.126915,50.840933],[-0.126919,50.840924],[-0.126891,50.84092]]]},"properties":{"id":"permit-z14-4.13-6","type":"permit","zone":"14","red_route":false,"tariff":null,"pay_by_phone":null,"max_stay_mins":null,"no_return_mins":null,"schedule":[{"days":["mon","tue","wed","thu","fri","sat","sun"],"start":"08:00","end":"20:00"}],"days_raw":"Mon to Sun","times_raw":"8 am to 8 pm","max_stay_raw":null,"no_return_raw":null,"layer_raw":"TRO-16a-2025 Part 4.13 item 6","area_m2":11.0,"perimeter_m":15.0,"centroid":[-0.126895,50.840936],"source_objectid":null,"issues":null,"source":"traffic_order","source_text":"Davey Drive, E side: From a point 5.5 metres south of the southern property line of No.74 Davey Drive southwards for 5.5 metres","source_url":"https://tro.tpt.gov.uk/TRO/Brighton%20and%20Hove/912-CPZ-Amend-4-2026-TRO16a2025.pdf","price_band":null}},{"type":"Feature","id":"permit-z14-4.13-7","geometry":{"type":"Polygon","coordinates":[[[-0.126999,50.840687],[-0.126994,50.840696],[-0.126989,50.840704],[-0.126985,50.840713],[-0.12698,50.840721],[-0.126976,50.84073],[-0.126971,50.840738],[-0.126966,50.840747],[-0.126993,50.840753],[-0.126998,50.840744],[-0.127003,50.840736],[-0.127007,50.840727],[-0.127012,50.840718],[-0.127016,50.84071],[-0.127021,50.840701],[-0.127025,50.840693],[-0.126999,50.840687]]]},"properties":{"id":"permit-z14-4.13-7","type":"permit","zone":"14","red_route":false,"tariff":null,"pay_by_phone":null,"max_stay_mins":null,"no_return_mins":null,"schedule":[{"days":["mon","tue","wed","thu","fri","sat","sun"],"start":"08:00","end":"20:00"}],"days_raw":"Mon to Sun","times_raw":"8 am to 8 pm","max_stay_raw":null,"no_return_raw":null,"layer_raw":"TRO-16a-2025 Part 4.13 item 7","area_m2":14.0,"perimeter_m":18.0,"centroid":[-0.126996,50.840709],"source_objectid":null,"issues":null,"source":"traffic_order","source_text":"Davey Drive, E side: From a point 0.5 metres south of the boundary between Nos.64 & 66 Davey Drive southwards for 7 metres","source_url":"https://tro.tpt.gov.uk/TRO/Brighton%20and%20Hove/912-CPZ-Amend-4-2026-TRO16a2025.pdf","price_band":null}},{"type":"Feature","id":"permit-z14-4.13-8","geometry":{"type":"Polygon","coordinates":[[[-0.127096,50.840523],[-0.12709,50.840531],[-0.127084,50.84054],[-0.127078,50.840549],[-0.127073,50.840557],[-0.127067,50.840566],[-0.127062,50.840574],[-0.127056,50.840582],[-0.127051,50.840591],[-0.127045,50.840599],[-0.127072,50.840606],[-0.127077,50.840598],[-0.127082,50.840589],[-0.127088,50.840581],[-0.127093,50.840573],[-0.127099,50.840564],[-0.127104,50.840556],[-0.12711,50.840547],[-0.127116,50.840539],[-0.127122,50.84053],[-0.127096,50.840523]]]},"properties":{"id":"permit-z14-4.13-8","type":"permit","zone":"14","red_route":false,"tariff":null,"pay_by_phone":null,"max_stay_mins":null,"no_return_mins":null,"schedule":[{"days":["mon","tue","wed","thu","fri","sat","sun"],"start":"08:00","end":"20:00"}],"days_raw":"Mon to Sun","times_raw":"8 am to 8 pm","max_stay_raw":null,"no_return_raw":null,"layer_raw":"TRO-16a-2025 Part 4.13 item 8","area_m2":18.2,"perimeter_m":22.2,"centroid":[-0.127083,50.840563],"source_objectid":null,"issues":null,"source":"traffic_order","source_text":"Davey Drive, E side: From a point of 17.5 metres of the boundary between Nos.64 & 66 Davey Drive southwards for 9 metres (order omits the direction; south assumed)","source_url":"https://tro.tpt.gov.uk/TRO/Brighton%20and%20Hove/912-CPZ-Amend-4-2026-TRO16a2025.pdf","price_band":null}},{"type":"Feature","id":"permit-z14-4.13-9","geometry":{"type":"Polygon","coordinates":[[[-0.127189,50.840405],[-0.127183,50.840414],[-0.127177,50.840422],[-0.127171,50.84043],[-0.127165,50.840438],[-0.127159,50.840446],[-0.127153,50.840455],[-0.127147,50.840463],[-0.127141,50.840471],[-0.127135,50.840479],[-0.127129,50.840487],[-0.127155,50.840495],[-0.127161,50.840487],[-0.127167,50.840479],[-0.127173,50.84047],[-0.127179,50.840462],[-0.127185,50.840454],[-0.127191,50.840446],[-0.127197,50.840438],[-0.127203,50.840429],[-0.127209,50.840421],[-0.127215,50.840413],[-0.127189,50.840405]]]},"properties":{"id":"permit-z14-4.13-9","type":"permit","zone":"14","red_route":false,"tariff":null,"pay_by_phone":null,"max_stay_mins":null,"no_return_mins":null,"schedule":[{"days":["mon","tue","wed","thu","fri","sat","sun"],"start":"08:00","end":"20:00"}],"days_raw":"Mon to Sun","times_raw":"8 am to 8 pm","max_stay_raw":null,"no_return_raw":null,"layer_raw":"TRO-16a-2025 Part 4.13 item 9","area_m2":20.0,"perimeter_m":24.0,"centroid":[-0.127172,50.840444],"source_objectid":null,"issues":null,"source":"traffic_order","source_text":"Davey Drive, E side: From a point 31 metres south of the boundary between Nos.64 & 66 Davey Drive southwards for 10 metres","source_url":"https://tro.tpt.gov.uk/TRO/Brighton%20and%20Hove/912-CPZ-Amend-4-2026-TRO16a2025.pdf","price_band":null}},{"type":"Feature","id":"permit-z14-4.13-10","geometry":{"type":"Polygon","coordinates":[[[-0.127652,50.839977],[-0.127641,50.839982],[-0.12763,50.839988],[-0.127619,50.839995],[-0.127606,50.840002],[-0.127595,50.840009],[-0.127584,50.840017],[-0.127574,50.840025],[-0.127566,50.840032],[-0.127557,50.840039],[-0.127548,50.840046],[-0.127539,50.840053],[-0.127561,50.840065],[-0.12757,50.840058],[-0.127579,50.840051],[-0.127588,50.840044],[-0.127597,50.840036],[-0.127606,50.840029],[-0.127616,50.840021],[-0.127626,50.840015],[-0.127638,50.840008],[-0.127649,50.840002],[-0.12766,50.839996],[-0.12767,50.83999],[-0.127652,50.839977]]]},"properties":{"id":"permit-z14-4.13-10","type":"permit","zone":"14","red_route":false,"tariff":null,"pay_by_phone":null,"max_stay_mins":null,"no_return_mins":null,"schedule":[{"days":["mon","tue","wed","thu","fri","sat","sun"],"start":"08:00","end":"20:00"}],"days_raw":"Mon to Sun","times_raw":"8 am to 8 pm","max_stay_raw":null,"no_return_raw":null,"layer_raw":"TRO-16a-2025 Part 4.13 item 10","area_m2":23.0,"perimeter_m":27.0,"centroid":[-0.127603,50.840023],"source_objectid":null,"issues":null,"source":"traffic_order","source_text":"Davey Drive, E side: From a point 28 metres south of the southern kerbline of Waverley Crescent southwards for 11 metres","source_url":"https://tro.tpt.gov.uk/TRO/Brighton%20and%20Hove/912-CPZ-Amend-4-2026-TRO16a2025.pdf","price_band":null}},{"type":"Feature","id":"permit-z14-4.13-11","geometry":{"type":"Polygon","coordinates":[[[-0.127976,50.839806],[-0.127964,50.839812],[-0.127952,50.839817],[-0.12794,50.839822],[-0.127928,50.839828],[-0.127917,50.839834],[-0.127905,50.83984],[-0.127894,50.839846],[-0.127883,50.839851],[-0.127872,50.839857],[-0.127861,50.839863],[-0.12785,50.839868],[-0.127838,50.839874],[-0.127827,50.83988],[-0.127815,50.839886],[-0.127804,50.839892],[-0.127793,50.839899],[-0.127783,50.839905],[-0.127772,50.83991],[-0.127761,50.839916],[-0.127751,50.839922],[-0.12774,50.839928],[-0.12773,50.839934],[-0.127719,50.83994],[-0.127708,50.839946],[-0.127698,50.839952],[-0.127687,50.839958],[-0.127676,50.839964],[-0.127666,50.83997],[-0.127684,50.839984],[-0.127695,50.839978],[-0.127706,50.839972],[-0.127716,50.839966],[-0.127727,50.83996],[-0.127738,50.839954],[-0.127748,50.839948],[-0.127759,50.839942],[-0.12777,50.839936],[-0.12778,50.83993],[-0.127791,50.839924],[-0.127802,50.839918],[-0.127812,50.839912],[-0.127823,50.839906],[-0.127834,50.8399],[-0.127845,50.839894],[-0.127856,50.839888],[-0.127867,50.839882],[-0.127879,50.839877],[-0.12789,50.839871],[-0.127901,50.839865],[-0.127912,50.83986],[-0.127923,50.839854],[-0.127934,50.839848],[-0.127946,50.839843],[-0.127957,50.839837],[-0.127969,50.839832],[-0.127981,50.839826],[-0.127992,50.839821],[-0.127976,50.839806]]]},"properties":{"id":"permit-z14-4.13-11","type":"permit","zone":"14","red_route":false,"tariff":null,"pay_by_phone":null,"max_stay_mins":null,"no_return_mins":null,"schedule":[{"days":["mon","tue","wed","thu","fri","sat","sun"],"start":"08:00","end":"20:00"}],"days_raw":"Mon to Sun","times_raw":"8 am to 8 pm","max_stay_raw":null,"no_return_raw":null,"layer_raw":"TRO-16a-2025 Part 4.13 item 11","area_m2":56.5,"perimeter_m":60.5,"centroid":[-0.127827,50.839893],"source_objectid":null,"issues":null,"source":"traffic_order","source_text":"Davey Drive, E side: From a point 1.5 metres north of the boundary between Nos.40 & 42 Davey Drive southwards for 28 metres","source_url":"https://tro.tpt.gov.uk/TRO/Brighton%20and%20Hove/912-CPZ-Amend-4-2026-TRO16a2025.pdf","price_band":null}},{"type":"Feature","id":"permit-z14-4.13-12","geometry":{"type":"Polygon","coordinates":[[[-0.128586,50.839638],[-0.128571,50.83964],[-0.128557,50.839642],[-0.128542,50.839645],[-0.128528,50.839648],[-0.128514,50.83965],[-0.1285,50.839653],[-0.128487,50.839655],[-0.128473,50.839658],[-0.128459,50.83966],[-0.128446,50.839663],[-0.128432,50.839665],[-0.128418,50.839668],[-0.128405,50.83967],[-0.128391,50.839673],[-0.128376,50.839676],[-0.128361,50.839678],[-0.128346,50.839682],[-0.128331,50.839686],[-0.128318,50.83969],[-0.128305,50.839694],[-0.128292,50.839698],[-0.128279,50.839702],[-0.128266,50.839706],[-0.128253,50.839709],[-0.12824,50.839713],[-0.128227,50.839717],[-0.128214,50.839721],[-0.128201,50.839725],[-0.128187,50.839729],[-0.128174,50.839733],[-0.128161,50.839738],[-0.128149,50.839742],[-0.128136,50.839746],[-0.128124,50.83975],[-0.128111,50.839754],[-0.128098,50.839759],[-0.128086,50.839763],[-0.128072,50.839767],[-0.128058,50.839772],[-0.128045,50.839777],[-0.128032,50.839783],[-0.12802,50.839789],[-0.128008,50.839794],[-0.127997,50.839799],[-0.128013,50.839814],[-0.128025,50.839809],[-0.128036,50.839803],[-0.128048,50.839798],[-0.12806,50.839793],[-0.128073,50.839788],[-0.128086,50.839783],[-0.128099,50.839779],[-0.128112,50.839775],[-0.128124,50.83977],[-0.128137,50.839766],[-0.128149,50.839762],[-0.128162,50.839758],[-0.128175,50.839754],[-0.128187,50.839749],[-0.1282,50.839745],[-0.128213,50.839741],[-0.128226,50.839737],[-0.128239,50.839733],[-0.128252,50.83973],[-0.128265,50.839726],[-0.128278,50.839722],[-0.128291,50.839718],[-0.128304,50.839714],[-0.128317,50.839711],[-0.12833,50.839707],[-0.128343,50.839703],[-0.128356,50.839699],[-0.128371,50.839696],[-0.128385,50.839693],[-0.128399,50.83969],[-0.128413,50.839688],[-0.128426,50.839685],[-0.12844,50.839683],[-0.128454,50.83968],[-0.128467,50.839678],[-0.128481,50.839675],[-0.128495,50.839673],[-0.128508,50.83967],[-0.128522,50.839667],[-0.128536,50.839665],[-0.12855,50.839662],[-0.128564,50.83966],[-0.128578,50.839658],[-0.128592,50.839656],[-0.128586,50.839638]]]},"properties":{"id":"permit-z14-4.13-12","type":"permit","zone":"14","red_route":false,"tariff":null,"pay_by_phone":null,"max_stay_mins":null,"no_return_mins":null,"schedule":[{"days":["mon","tue","wed","thu","fri","sat","sun"],"start":"08:00","end":"20:00"}],"days_raw":"Mon to Sun","times_raw":"8 am to 8 pm","max_stay_raw":null,"no_return_raw":null,"layer_raw":"TRO-16a-2025 Part 4.13 item 12","area_m2":89.9,"perimeter_m":93.9,"centroid":[-0.128289,50.839717],"source_objectid":null,"issues":null,"source":"traffic_order","source_text":"Davey Drive, E side: From a point 9 metres east of eastern kerbline of Southmount eastwards for 44 metres","source_url":"https://tro.tpt.gov.uk/TRO/Brighton%20and%20Hove/912-CPZ-Amend-4-2026-TRO16a2025.pdf","price_band":null}},{"type":"Feature","id":"permit-z14-4.13-13","geometry":{"type":"Polygon","coordinates":[[[-0.127004,50.840867],[-0.127001,50.840875],[-0.126997,50.840883],[-0.126994,50.840891],[-0.126991,50.840899],[-0.126988,50.840907],[-0.126984,50.840915],[-0.126981,50.840924],[-0.126953,50.840919],[-0.126957,50.840911],[-0.12696,50.840903],[-0.126963,50.840895],[-0.126967,50.840887],[-0.12697,50.840878],[-0.126973,50.84087],[-0.126976,50.840862],[-0.127004,50.840867]]]},"properties":{"id":"permit-z14-4.13-13","type":"permit","zone":"14","red_route":false,"tariff":null,"pay_by_phone":null,"max_stay_mins":null,"no_return_mins":null,"schedule":[{"days":["mon","tue","wed","thu","fri","sat","sun"],"start":"08:00","end":"20:00"}],"days_raw":"Mon to Sun","times_raw":"8 am to 8 pm","max_stay_raw":null,"no_return_raw":null,"layer_raw":"TRO-16a-2025 Part 4.13 item 13","area_m2":13.0,"perimeter_m":17.0,"centroid":[-0.126979,50.840902],"source_objectid":null,"issues":null,"source":"traffic_order","source_text":"Davey Drive, W side: From the boundary of Nos.73 & 75 Davey Drive southwards for 6.5 metres","source_url":"https://tro.tpt.gov.uk/TRO/Brighton%20and%20Hove/912-CPZ-Amend-4-2026-TRO16a2025.pdf","price_band":null}},{"type":"Feature","id":"permit-z14-4.13-14","geometry":{"type":"Polygon","coordinates":[[[-0.129804,50.842104],[-0.129803,50.842112],[-0.129802,50.842121],[-0.129801,50.84213],[-0.129801,50.842138],[-0.1298,50.842147],[-0.129799,50.842156],[-0.129798,50.842164],[-0.129798,50.842173],[-0.129797,50.842182],[-0.129796,50.84219],[-0.129795,50.842199],[-0.129795,50.842208],[-0.129766,50.842207],[-0.129767,50.842198],[-0.129768,50.842189],[-0.129769,50.842181],[-0.129769,50.842172],[-0.12977,50.842163],[-0.129771,50.842155],[-0.129772,50.842146],[-0.129772,50.842137],[-0.129773,50.842129],[-0.129774,50.84212],[-0.129775,50.842111],[-0.129775,50.842103],[-0.129804,50.842104]]]},"properties":{"id":"permit-z14-4.13-14","type":"permit","zone":"14","red_route":false,"tariff":null,"pay_by_phone":null,"max_stay_mins":null,"no_return_mins":null,"schedule":[{"days":["mon","tue","wed","thu","fri","sat","sun"],"start":"08:00","end":"20:00"}],"days_raw":"Mon to Sun","times_raw":"8 am to 8 pm","max_stay_raw":null,"no_return_raw":null,"layer_raw":"TRO-16a-2025 Part 4.13 item 14","area_m2":23.0,"perimeter_m":27.0,"centroid":[-0.129785,50.842158],"source_objectid":null,"issues":null,"source":"traffic_order","source_text":"Dudley Road, W side: From a point 5 metres south of the southern kerbline of Hollingdean Street southwards for 11.5 metres","source_url":"https://tro.tpt.gov.uk/TRO/Brighton%20and%20Hove/912-CPZ-Amend-4-2026-TRO16a2025.pdf","price_band":null}},{"type":"Feature","id":"permit-z14-4.13-15","geometry":{"type":"Polygon","coordinates":[[[-0.129896,50.84099],[-0.129895,50.840999],[-0.129894,50.841008],[-0.129894,50.841017],[-0.129893,50.841027],[-0.129892,50.841036],[-0.129891,50.841045],[-0.129891,50.841054],[-0.12989,50.841063],[-0.129889,50.841072],[-0.129888,50.841081],[-0.129887,50.84109],[-0.129887,50.841099],[-0.129886,50.841108],[-0.129885,50.841117],[-0.129884,50.841126],[-0.129883,50.841135],[-0.129883,50.841144],[-0.129882,50.841153],[-0.129881,50.841162],[-0.12988,50.841171],[-0.12988,50.84118],[-0.129879,50.841189],[-0.129878,50.841198],[-0.129877,50.841207],[-0.129876,50.841216],[-0.129876,50.841225],[-0.129875,50.841234],[-0.129874,50.841243],[-0.129873,50.841252],[-0.129873,50.841261],[-0.129872,50.84127],[-0.129871,50.841279],[-0.12987,50.841288],[-0.129869,50.841298],[-0.129869,50.841307],[-0.129868,50.841316],[-0.129867,50.841325],[-0.129866,50.841334],[-0.129866,50.841343],[-0.129865,50.841352],[-0.129864,50.841361],[-0.129863,50.84137],[-0.129862,50.841379],[-0.129862,50.841388],[-0.129861,50.841397],[-0.12986,50.841406],[-0.129859,50.841415],[-0.129858,50.841424],[-0.129858,50.841433],[-0.129857,50.841442],[-0.129856,50.841451],[-0.129855,50.84146],[-0.129855,50.841469],[-0.129854,50.841478],[-0.129853,50.841487],[-0.129852,50.841496],[-0.129851,50.841505],[-0.129851,50.841514],[-0.12985,50.841523],[-0.129849,50.841532],[-0.129848,50.841541],[-0.129848,50.84155],[-0.129847,50.841559],[-0.129846,50.841568],[-0.129845,50.841578],[-0.129844,50.841587],[-0.129844,50.841596],[-0.129843,50.841605],[-0.129842,50.841614],[-0.129841,50.841623],[-0.12984,50.841632],[-0.12984,50.841641],[-0.129839,50.84165],[-0.129838,50.841659],[-0.129837,50.841668],[-0.129837,50.841677],[-0.129836,50.841686],[-0.129835,50.841695],[-0.129834,50.841704],[-0.129833,50.841713],[-0.129833,50.841722],[-0.129832,50.841731],[-0.129831,50.84174],[-0.12983,50.841749],[-0.12983,50.841758],[-0.129829,50.841767],[-0.129828,50.841776],[-0.129827,50.841785],[-0.129826,50.841794],[-0.129826,50.841803],[-0.129825,50.841812],[-0.129824,50.841821],[-0.129823,50.84183],[-0.129822,50.841839],[-0.129822,50.841849],[-0.129821,50.841858],[-0.12982,50.841867],[-0.129819,50.841876],[-0.129819,50.841885],[-0.129818,50.841894],[-0.129817,50.841903],[-0.129816,50.841912],[-0.129815,50.841921],[-0.129815,50.84193],[-0.129814,50.841939],[-0.129813,50.841948],[-0.129812,50.841957],[-0.129812,50.841966],[-0.129811,50.841975],[-0.12981,50.841984],[-0.129809,50.841993],[-0.129808,50.842002],[-0.129808,50.842011],[-0.129807,50.84202],[-0.129806,50.842029],[-0.129805,50.842038],[-0.129777,50.842037],[-0.129778,50.842028],[-0.129778,50.842019],[-0.129779,50.84201],[-0.12978,50.842001],[-0.129781,50.841992],[-0.129782,50.841983],[-0.129782,50.841974],[-0.129783,50.841965],[-0.129784,50.841956],[-0.129785,50.841947],[-0.129785,50.841938],[-0.129786,50.841929],[-0.129787,50.84192],[-0.129788,50.841911],[-0.129789,50.841902],[-0.129789,50.841893],[-0.12979,50.841884],[-0.129791,50.841875],[-0.129792,50.841866],[-0.129793,50.841857],[-0.129793,50.841848],[-0.129794,50.841838],[-0.129795,50.841829],[-0.129796,50.84182],[-0.129796,50.841811],[-0.129797,50.841802],[-0.129798,50.841793],[-0.129799,50.841784],[-0.1298,50.841775],[-0.1298,50.841766],[-0.129801,50.841757],[-0.129802,50.841748],[-0.129803,50.841739],[-0.129803,50.84173],[-0.129804,50.841721],[-0.129805,50.841712],[-0.129806,50.841703],[-0.129807,50.841694],[-0.129807,50.841685],[-0.129808,50.841676],[-0.129809,50.841667],[-0.12981,50.841658],[-0.12981,50.841649],[-0.129811,50.84164],[-0.129812,50.841631],[-0.129813,50.841622],[-0.129814,50.841613],[-0.129814,50.841604],[-0.129815,50.841595],[-0.129816,50.841586],[-0.129817,50.841577],[-0.129818,50.841567],[-0.129818,50.841558],[-0.129819,50.841549],[-0.12982,50.84154],[-0.129821,50.841531],[-0.129821,50.841522],[-0.129822,50.841513],[-0.129823,50.841504],[-0.129824,50.841495],[-0.129825,50.841486],[-0.129825,50.841477],[-0.129826,50.841468],[-0.129827,50.841459],[-0.129828,50.84145],[-0.129828,50.841441],[-0.129829,50.841432],[-0.12983,50.841423],[-0.129831,50.841414],[-0.129832,50.841405],[-0.129832,50.841396],[-0.129833,50.841387],[-0.129834,50.841378],[-0.129835,50.841369],[-0.129836,50.84136],[-0.129836,50.841351],[-0.129837,50.841342],[-0.129838,50.841333],[-0.129839,50.841324],[-0.129839,50.841315],[-0.12984,50.841306],[-0.129841,50.841297],[-0.129842,50.841287],[-0.129843,50.841278],[-0.129843,50.841269],[-0.129844,50.84126],[-0.129845,50.841251],[-0.129846,50.841242],[-0.129846,50.841233],[-0.129847,50.841224],[-0.129848,50.841215],[-0.129849,50.841206],[-0.12985,50.841197],[-0.12985,50.841188],[-0.129851,50.841179],[-0.129852,50.84117],[-0.129853,50.841161],[-0.129854,50.841152],[-0.129854,50.841143],[-0.129855,50.841134],[-0.129856,50.841125],[-0.129857,50.841116],[-0.129857,50.841107],[-0.129858,50.841098],[-0.129859,50.841089],[-0.12986,50.84108],[-0.129861,50.841071],[-0.129861,50.841062],[-0.129862,50.841053],[-0.129863,50.841044],[-0.129864,50.841035],[-0.129864,50.841026],[-0.129865,50.841016],[-0.129866,50.841007],[-0.129867,50.840998],[-0.129868,50.840989],[-0.129896,50.84099]]]},"properties":{"id":"permit-z14-4.13-15","type":"permit","zone":"14","red_route":false,"tariff":null,"pay_by_phone":null,"max_stay_mins":null,"no_return_mins":null,"schedule":[{"days":["mon","tue","wed","thu","fri","sat","sun"],"start":"08:00","end":"20:00"}],"days_raw":"Mon to Sun","times_raw":"8 am to 8 pm","max_stay_raw":null,"no_return_raw":null,"layer_raw":"TRO-16a-2025 Part 4.13 item 15","area_m2":232.0,"perimeter_m":236.0,"centroid":[-0.129836,50.841513],"source_objectid":null,"issues":null,"source":"traffic_order","source_text":"Dudley Road, W side: From the boundary between Nos.37 & 39 Dudley Road southwards for 116 metres","source_url":"https://tro.tpt.gov.uk/TRO/Brighton%20and%20Hove/912-CPZ-Amend-4-2026-TRO16a2025.pdf","price_band":null}},{"type":"Feature","id":"permit-z14-4.13-16","geometry":{"type":"Polygon","coordinates":[[[-0.130127,50.840755],[-0.130114,50.840756],[-0.130106,50.840756],[-0.130097,50.840757],[-0.13009,50.84076],[-0.130082,50.840763],[-0.13007,50.840767],[-0.130057,50.840772],[-0.130045,50.840776],[-0.130033,50.840781],[-0.130022,50.840784],[-0.130014,50.840787],[-0.130007,50.84079],[-0.130001,50.840795],[-0.129994,50.8408],[-0.129984,50.840807],[-0.129975,50.840814],[-0.129968,50.840819],[-0.129961,50.840823],[-0.129957,50.840829],[-0.129953,50.840834],[-0.129948,50.840842],[-0.129942,50.840851],[-0.129936,50.840859],[-0.129931,50.840866],[-0.129927,50.840873],[-0.129924,50.84088],[-0.12992,50.840888],[-0.129916,50.840896],[-0.129912,50.840905],[-0.129909,50.840914],[-0.129905,50.840921],[-0.129902,50.840928],[-0.129901,50.840935],[-0.1299,50.840942],[-0.129872,50.84094],[-0.129872,50.840932],[-0.129874,50.840925],[-0.129878,50.840917],[-0.129881,50.840909],[-0.129885,50.8409],[-0.129889,50.840892],[-0.129893,50.840883],[-0.129896,50.840875],[-0.1299,50.840867],[-0.129905,50.840859],[-0.12991,50.840851],[-0.129916,50.840843],[-0.129922,50.840835],[-0.129927,50.840827],[-0.129932,50.84082],[-0.129937,50.840813],[-0.129945,50.840808],[-0.129953,50.840802],[-0.129963,50.840795],[-0.129972,50.840788],[-0.129981,50.840782],[-0.129988,50.840777],[-0.129997,50.840772],[-0.130007,50.840769],[-0.130019,50.840765],[-0.130031,50.84076],[-0.130044,50.840756],[-0.130056,50.840752],[-0.130069,50.840747],[-0.130079,50.840743],[-0.130088,50.84074],[-0.130099,50.840739],[-0.13011,50.840738],[-0.130124,50.840737],[-0.130127,50.840755]]]},"properties":{"id":"permit-z14-4.13-16","type":"permit","zone":"14","red_route":false,"tariff":null,"pay_by_phone":null,"max_stay_mins":null,"no_return_mins":null,"schedule":[{"days":["mon","tue","wed","thu","fri","sat","sun"],"start":"08:00","end":"20:00"}],"days_raw":"Mon to Sun","times_raw":"8 am to 8 pm","max_stay_raw":null,"no_return_raw":null,"layer_raw":"TRO-16a-2025 Part 4.13 item 16","area_m2":59.0,"perimeter_m":63.1,"centroid":[-0.129973,50.840824],"source_objectid":null,"issues":null,"source":"traffic_order","source_text":"Dudley Road, W side: From a point 6.6 metres south of the boundary between Nos.1 & 3 Dudley Road southwards for 34 metres","source_url":"https://tro.tpt.gov.uk/TRO/Brighton%20and%20Hove/912-CPZ-Amend-4-2026-TRO16a2025.pdf","price_band":null}},{"type":"Feature","id":"permit-z14-4.13-17","geometry":{"type":"Polygon","coordinates":[[[-0.130541,50.840755],[-0.130526,50.840754],[-0.130512,50.840754],[-0.130498,50.840754],[-0.130484,50.840753],[-0.130469,50.840753],[-0.130455,50.840752],[-0.130441,50.840752],[-0.130427,50.840752],[-0.130412,50.840751],[-0.130398,50.840751],[-0.130384,50.84075],[-0.13037,50.84075],[-0.130356,50.840749],[-0.130341,50.840749],[-0.130328,50.840748],[-0.130329,50.84073],[-0.130343,50.840731],[-0.130357,50.840731],[-0.130371,50.840732],[-0.130385,50.840732],[-0.1304,50.840733],[-0.130414,50.840733],[-0.130428,50.840733],[-0.130442,50.840734],[-0.130457,50.840734],[-0.130471,50.840735],[-0.130485,50.840735],[-0.130499,50.840736],[-0.130513,50.840736],[-0.130528,50.840736],[-0.130542,50.840737],[-0.130541,50.840755]]]},"properties":{"id":"permit-z14-4.13-17","type":"permit","zone":"14","red_route":false,"tariff":null,"pay_by_phone":null,"max_stay_mins":null,"no_return_mins":null,"schedule":[{"days":["mon","tue","wed","thu","fri","sat","sun"],"start":"08:00","end":"20:00"}],"days_raw":"Mon to Sun","times_raw":"8 am to 8 pm","max_stay_raw":null,"no_return_raw":null,"layer_raw":"TRO-16a-2025 Part 4.13 item 17","area_m2":30.0,"perimeter_m":34.0,"centroid":[-0.130435,50.840754],"source_objectid":null,"issues":null,"source":"traffic_order","source_text":"Dudley Road, N side: From a point 7.5 metres east of the eastern kerbline of Roedale Road eastwards for 15 metres","source_url":"https://tro.tpt.gov.uk/TRO/Brighton%20and%20Hove/912-CPZ-Amend-4-2026-TRO16a2025.pdf","price_band":null}},{"type":"Feature","id":"permit-z14-4.13-18","geometry":{"type":"Polygon","coordinates":[[[-0.129549,50.843611],[-0.129548,50.84362],[-0.129547,50.843629],[-0.129547,50.843638],[-0.129546,50.843647],[-0.129545,50.843656],[-0.129544,50.843665],[-0.129543,50.843674],[-0.129543,50.843683],[-0.129542,50.843692],[-0.129541,50.843701],[-0.12954,50.84371],[-0.12954,50.843719],[-0.129539,50.843728],[-0.129538,50.843737],[-0.129537,50.843746],[-0.129537,50.843755],[-0.129565,50.843756],[-0.129566,50.843747],[-0.129567,50.843738],[-0.129567,50.843729],[-0.129568,50.84372],[-0.129569,50.843711],[-0.12957,50.843702],[-0.12957,50.843693],[-0.129571,50.843684],[-0.129572,50.843675],[-0.129573,50.843666],[-0.129573,50.843657],[-0.129574,50.843648],[-0.129575,50.843639],[-0.129576,50.84363],[-0.129576,50.843621],[-0.129577,50.843612],[-0.129549,50.843611]]]},"properties":{"id":"permit-z14-4.13-18","type":"permit","zone":"14","red_route":false,"tariff":null,"pay_by_phone":null,"max_stay_mins":null,"no_return_mins":null,"schedule":[{"days":["mon","tue","wed","thu","fri","sat","sun"],"start":"08:00","end":"20:00"}],"days_raw":"Mon to Sun","times_raw":"8 am to 8 pm","max_stay_raw":null,"no_return_raw":null,"layer_raw":"TRO-16a-2025 Part 4.13 item 18","area_m2":32.0,"perimeter_m":36.0,"centroid":[-0.129557,50.843683],"source_objectid":null,"issues":null,"source":"traffic_order","source_text":"Dudley Road, E side: From a point 8.5 metres south of the southern kerbline of Hollingbury Place southwards for 16 metres","source_url":"https://tro.tpt.gov.uk/TRO/Brighton%20and%20Hove/912-CPZ-Amend-4-2026-TRO16a2025.pdf","price_band":null}},{"type":"Feature","id":"permit-z14-4.13-19","geometry":{"type":"Polygon","coordinates":[[[-0.12957,50.843362],[-0.129569,50.843371],[-0.129568,50.84338],[-0.129567,50.843389],[-0.129567,50.843398],[-0.129566,50.843408],[-0.129565,50.843417],[-0.129564,50.843426],[-0.129564,50.843435],[-0.129563,50.843444],[-0.129562,50.843453],[-0.129561,50.843462],[-0.129561,50.843471],[-0.12956,50.84348],[-0.129559,50.843489],[-0.129558,50.843498],[-0.129558,50.843507],[-0.129557,50.843516],[-0.129585,50.843517],[-0.129586,50.843508],[-0.129587,50.843499],[-0.129588,50.84349],[-0.129588,50.843481],[-0.129589,50.843472],[-0.12959,50.843463],[-0.129591,50.843454],[-0.129591,50.843445],[-0.129592,50.843436],[-0.129593,50.843427],[-0.129594,50.843418],[-0.129594,50.843408],[-0.129595,50.843399],[-0.129596,50.84339],[-0.129597,50.843381],[-0.129597,50.843372],[-0.129598,50.843363],[-0.12957,50.843362]]]},"properties":{"id":"permit-z14-4.13-19","type":"permit","zone":"14","red_route":false,"tariff":null,"pay_by_phone":null,"max_stay_mins":null,"no_return_mins":null,"schedule":[{"days":["mon","tue","wed","thu","fri","sat","sun"],"start":"08:00","end":"20:00"}],"days_raw":"Mon to Sun","times_raw":"8 am to 8 pm","max_stay_raw":null,"no_return_raw":null,"layer_raw":"TRO-16a-2025 Part 4.13 item 19","area_m2":34.0,"perimeter_m":38.0,"centroid":[-0.129578,50.843434],"source_objectid":null,"issues":null,"source":"traffic_order","source_text":"Dudley Road, E side: From a point 35 metres south of the southern kerbline of Hollingbury Place southwards for 17 metres","source_url":"https://tro.tpt.gov.uk/TRO/Brighton%20and%20Hove/912-CPZ-Amend-4-2026-TRO16a2025.pdf","price_band":null}},{"type":"Feature","id":"permit-z14-4.13-20","geometry":{"type":"Polygon","coordinates":[[[-0.129679,50.84208],[-0.129678,50.842089],[-0.129677,50.842098],[-0.129676,50.842107],[-0.129675,50.842116],[-0.129675,50.842125],[-0.129674,50.842134],[-0.129673,50.842143],[-0.129672,50.842152],[-0.129672,50.842161],[-0.129671,50.84217],[-0.12967,50.842179],[-0.129669,50.842188],[-0.129668,50.842197],[-0.129668,50.842206],[-0.129667,50.842215],[-0.129666,50.842224],[-0.129665,50.842233],[-0.129665,50.842242],[-0.129664,50.842251],[-0.129663,50.84226],[-0.129662,50.842269],[-0.129661,50.842278],[-0.129661,50.842287],[-0.12966,50.842296],[-0.129659,50.842305],[-0.129658,50.842314],[-0.129658,50.842323],[-0.129657,50.842332],[-0.129656,50.842341],[-0.129655,50.84235],[-0.129655,50.842359],[-0.129654,50.842368],[-0.129653,50.842377],[-0.129652,50.842386],[-0.129651,50.842395],[-0.129651,50.842404],[-0.12965,50.842413],[-0.129649,50.842422],[-0.129648,50.842431],[-0.129648,50.84244],[-0.129647,50.842449],[-0.129646,50.842458],[-0.129645,50.842467],[-0.129645,50.842476],[-0.129644,50.842485],[-0.129643,50.842494],[-0.129642,50.842503],[-0.129642,50.842512],[-0.129641,50.842521],[-0.12964,50.84253],[-0.129639,50.842539],[-0.129639,50.842548],[-0.129638,50.842557],[-0.129637,50.842566],[-0.129636,50.842575],[-0.129636,50.842584],[-0.129635,50.842593],[-0.129634,50.842602],[-0.129633,50.842611],[-0.129632,50.84262],[-0.129632,50.842629],[-0.129631,50.842638],[-0.12963,50.842647],[-0.129629,50.842656],[-0.129629,50.842665],[-0.129628,50.842674],[-0.129627,50.842683],[-0.129626,50.842692],[-0.129626,50.842701],[-0.129625,50.84271],[-0.129624,50.842719],[-0.129623,50.842728],[-0.129623,50.842737],[-0.129622,50.842746],[-0.129621,50.842755],[-0.12962,50.842764],[-0.12962,50.842773],[-0.129619,50.842782],[-0.129618,50.842791],[-0.129617,50.8428],[-0.129617,50.842809],[-0.129616,50.842818],[-0.129615,50.842827],[-0.129614,50.842836],[-0.129613,50.842845],[-0.129613,50.842854],[-0.129612,50.842863],[-0.129611,50.842872],[-0.12961,50.842881],[-0.12961,50.84289],[-0.129609,50.842899],[-0.129608,50.842908],[-0.129607,50.842917],[-0.129607,50.842926],[-0.129606,50.842935],[-0.129605,50.842944],[-0.129604,50.842953],[-0.129604,50.842962],[-0.129603,50.842971],[-0.129602,50.84298],[-0.129601,50.842989],[-0.129601,50.842998],[-0.1296,50.843007],[-0.129599,50.843016],[-0.129598,50.843025],[-0.129598,50.843034],[-0.129597,50.843043],[-0.129596,50.843052],[-0.129595,50.843061],[-0.129594,50.84307],[-0.129594,50.843079],[-0.129593,50.843088],[-0.129592,50.843097],[-0.129591,50.843106],[-0.129591,50.843115],[-0.12959,50.843124],[-0.129589,50.843133],[-0.129588,50.843142],[-0.129588,50.843151],[-0.129587,50.84316],[-0.129586,50.843169],[-0.129585,50.843178],[-0.129585,50.843187],[-0.129584,50.843196],[-0.129583,50.843205],[-0.129582,50.843214],[-0.129582,50.843223],[-0.129581,50.843232],[-0.12958,50.843241],[-0.129579,50.84325],[-0.129579,50.843259],[-0.129578,50.843268],[-0.129577,50.843277],[-0.129576,50.843286],[-0.129575,50.843295],[-0.129575,50.843304],[-0.129574,50.843313],[-0.129602,50.843314],[-0.129603,50.843305],[-0.129604,50.843296],[-0.129605,50.843287],[-0.129605,50.843278],[-0.129606,50.843269],[-0.129607,50.84326],[-0.129608,50.843251],[-0.129608,50.843242],[-0.129609,50.843233],[-0.12961,50.843224],[-0.129611,50.843215],[-0.129612,50.843206],[-0.129612,50.843197],[-0.129613,50.843188],[-0.129614,50.843179],[-0.129615,50.84317],[-0.129615,50.843161],[-0.129616,50.843152],[-0.129617,50.843143],[-0.129618,50.843134],[-0.129618,50.843125],[-0.129619,50.843116],[-0.12962,50.843107],[-0.129621,50.843098],[-0.129621,50.843089],[-0.129622,50.84308],[-0.129623,50.843071],[-0.129624,50.843062],[-0.129624,50.843053],[-0.129625,50.843044],[-0.129626,50.843035],[-0.129627,50.843026],[-0.129627,50.843017],[-0.129628,50.843008],[-0.129629,50.842999],[-0.12963,50.84299],[-0.129631,50.842981],[-0.129631,50.842972],[-0.129632,50.842963],[-0.129633,50.842954],[-0.129634,50.842945],[-0.129634,50.842936],[-0.129635,50.842927],[-0.129636,50.842918],[-0.129637,50.842909],[-0.129637,50.8429],[-0.129638,50.842891],[-0.129639,50.842882],[-0.12964,50.842873],[-0.12964,50.842864],[-0.129641,50.842855],[-0.129642,50.842846],[-0.129643,50.842837],[-0.129643,50.842828],[-0.129644,50.842819],[-0.129645,50.84281],[-0.129646,50.842801],[-0.129646,50.842792],[-0.129647,50.842783],[-0.129648,50.842774],[-0.129649,50.842765],[-0.12965,50.842756],[-0.12965,50.842747],[-0.129651,50.842738],[-0.129652,50.842729],[-0.129653,50.84272],[-0.129653,50.842711],[-0.129654,50.842702],[-0.129655,50.842693],[-0.129656,50.842684],[-0.129656,50.842675],[-0.129657,50.842666],[-0.129658,50.842657],[-0.129659,50.842648],[-0.129659,50.842639],[-0.12966,50.84263],[-0.129661,50.842621],[-0.129662,50.842612],[-0.129662,50.842603],[-0.129663,50.842594],[-0.129664,50.842585],[-0.129665,50.842576],[-0.129665,50.842567],[-0.129666,50.842558],[-0.129667,50.842549],[-0.129668,50.84254],[-0.129669,50.842531],[-0.129669,50.842522],[-0.12967,50.842513],[-0.129671,50.842504],[-0.129672,50.842495],[-0.129672,50.842486],[-0.129673,50.842477],[-0.129674,50.842468],[-0.129675,50.842459],[-0.129675,50.84245],[-0.129676,50.842441],[-0.129677,50.842432],[-0.129678,50.842423],[-0.129678,50.842414],[-0.129679,50.842405],[-0.12968,50.842396],[-0.129681,50.842387],[-0.129681,50.842378],[-0.129682,50.842369],[-0.129683,50.84236],[-0.129684,50.842351],[-0.129684,50.842342],[-0.129685,50.842333],[-0.129686,50.842324],[-0.129687,50.842315],[-0.129688,50.842306],[-0.129688,50.842297],[-0.129689,50.842288],[-0.12969,50.842279],[-0.129691,50.84227],[-0.129691,50.842261],[-0.129692,50.842252],[-0.129693,50.842243],[-0.129694,50.842234],[-0.129694,50.842225],[-0.129695,50.842216],[-0.129696,50.842207],[-0.129697,50.842198],[-0.129698,50.842189],[-0.129698,50.84218],[-0.129699,50.842171],[-0.1297,50.842162],[-0.129701,50.842153],[-0.129701,50.842144],[-0.129702,50.842135],[-0.129703,50.842126],[-0.129704,50.842117],[-0.129705,50.842108],[-0.129705,50.842099],[-0.129706,50.84209],[-0.129707,50.842081],[-0.129679,50.84208]]]},"properties":{"id":"permit-z14-4.13-20","type":"permit","zone":"14","red_route":false,"tariff":null,"pay_by_phone":null,"max_stay_mins":null,"no_return_mins":null,"schedule":[{"days":["mon","tue","wed","thu","fri","sat","sun"],"start":"08:00","end":"20:00"}],"days_raw":"Mon to Sun","times_raw":"8 am to 8 pm","max_stay_raw":null,"no_return_raw":null,"layer_raw":"TRO-16a-2025 Part 4.13 item 20","area_m2":273.0,"perimeter_m":277.0,"centroid":[-0.12964,50.842696],"source_objectid":null,"issues":null,"source":"traffic_order","source_text":"Dudley Road, E side: From a point 57.5 metres south of the southern kerbline of Hollingbury Place southwards for 136.5 metres","source_url":"https://tro.tpt.gov.uk/TRO/Brighton%20and%20Hove/912-CPZ-Amend-4-2026-TRO16a2025.pdf","price_band":null}},{"type":"Feature","id":"permit-z14-4.13-21","geometry":{"type":"Polygon","coordinates":[[[-0.130539,50.840677],[-0.130525,50.840677],[-0.130511,50.840676],[-0.130496,50.840676],[-0.130482,50.840676],[-0.130468,50.840675],[-0.130454,50.840675],[-0.13044,50.840674],[-0.130426,50.840674],[-0.130411,50.840673],[-0.13041,50.840691],[-0.130424,50.840692],[-0.130438,50.840692],[-0.130453,50.840693],[-0.130467,50.840693],[-0.130481,50.840694],[-0.130495,50.840694],[-0.130509,50.840694],[-0.130524,50.840695],[-0.130538,50.840695],[-0.130539,50.840677]]]},"properties":{"id":"permit-z14-4.13-21","type":"permit","zone":"14","red_route":false,"tariff":null,"pay_by_phone":null,"max_stay_mins":null,"no_return_mins":null,"schedule":[{"days":["mon","tue","wed","thu","fri","sat","sun"],"start":"08:00","end":"20:00"}],"days_raw":"Mon to Sun","times_raw":"8 am to 8 pm","max_stay_raw":null,"no_return_raw":null,"layer_raw":"TRO-16a-2025 Part 4.13 item 21","area_m2":18.0,"perimeter_m":22.0,"centroid":[-0.130474,50.840683],"source_objectid":null,"issues":null,"source":"traffic_order","source_text":"Dudley Road, S side: From a point 8 metres east of the eastern kerbline of Roedale Road eastwards for 9 metres","source_url":"https://tro.tpt.gov.uk/TRO/Brighton%20and%20Hove/912-CPZ-Amend-4-2026-TRO16a2025.pdf","price_band":null}},{"type":"Feature","id":"permit-z14-4.13-22","geometry":{"type":"Polygon","coordinates":[[[-0.129399,50.840689],[-0.129409,50.840695],[-0.129418,50.840701],[-0.129428,50.840708],[-0.129437,50.840714],[-0.129446,50.84072],[-0.129455,50.840726],[-0.129465,50.840732],[-0.129474,50.840738],[-0.129484,50.840745],[-0.129493,50.840751],[-0.129513,50.840738],[-0.129504,50.840732],[-0.129495,50.840726],[-0.129485,50.84072],[-0.129476,50.840713],[-0.129467,50.840707],[-0.129457,50.840701],[-0.129448,50.840695],[-0.129438,50.840689],[-0.129429,50.840683],[-0.129419,50.840677],[-0.129399,50.840689]]]},"properties":{"id":"permit-z14-4.13-22","type":"permit","zone":"14","red_route":false,"tariff":null,"pay_by_phone":null,"max_stay_mins":null,"no_return_mins":null,"schedule":[{"days":["mon","tue","wed","thu","fri","sat","sun"],"start":"08:00","end":"20:00"}],"days_raw":"Mon to Sun","times_raw":"8 am to 8 pm","max_stay_raw":null,"no_return_raw":null,"layer_raw":"TRO-16a-2025 Part 4.13 item 22","area_m2":19.0,"perimeter_m":23.0,"centroid":[-0.129457,50.840711],"source_objectid":null,"issues":null,"source":"traffic_order","source_text":"Dunster Close, N side: From a point 2 metres west of the boundary between Nos.8 & 10 Dunster Close westwards for 9.5 metres","source_url":"https://tro.tpt.gov.uk/TRO/Brighton%20and%20Hove/912-CPZ-Amend-4-2026-TRO16a2025.pdf","price_band":null}},{"type":"Feature","id":"permit-z14-4.13-23","geometry":{"type":"Polygon","coordinates":[[[-0.132487,50.843599],[-0.132478,50.843606],[-0.132469,50.843613],[-0.13246,50.84362],[-0.132451,50.843627],[-0.132442,50.843634],[-0.132432,50.843641],[-0.132423,50.843648],[-0.132414,50.843655],[-0.132405,50.843662],[-0.132396,50.843669],[-0.132386,50.843677],[-0.132375,50.843685],[-0.132363,50.843692],[-0.132352,50.843699],[-0.132342,50.843705],[-0.132332,50.843711],[-0.132322,50.843717],[-0.132311,50.843724],[-0.132301,50.84373],[-0.132291,50.843736],[-0.132281,50.843743],[-0.132271,50.843749],[-0.13226,50.843756],[-0.132248,50.843763],[-0.132236,50.843769],[-0.132224,50.843775],[-0.132212,50.843781],[-0.132201,50.843787],[-0.132189,50.843792],[-0.132172,50.843778],[-0.132183,50.843773],[-0.132194,50.843767],[-0.132206,50.843761],[-0.132218,50.843755],[-0.132229,50.843749],[-0.13224,50.843743],[-0.132251,50.843736],[-0.132261,50.84373],[-0.132271,50.843723],[-0.132281,50.843717],[-0.132292,50.843711],[-0.132302,50.843704],[-0.132312,50.843698],[-0.132322,50.843692],[-0.132333,50.843686],[-0.132343,50.843679],[-0.132354,50.843672],[-0.132364,50.843665],[-0.132374,50.843658],[-0.132383,50.843651],[-0.132392,50.843644],[-0.132401,50.843637],[-0.132411,50.84363],[-0.13242,50.843623],[-0.132429,50.843616],[-0.132438,50.843609],[-0.132447,50.843601],[-0.132456,50.843594],[-0.132465,50.843587],[-0.132487,50.843599]]]},"properties":{"id":"permit-z14-4.13-23","type":"permit","zone":"14","red_route":false,"tariff":null,"pay_by_phone":null,"max_stay_mins":null,"no_return_mins":null,"schedule":[{"days":["mon","tue","wed","thu","fri","sat","sun"],"start":"08:00","end":"20:00"}],"days_raw":"Mon to Sun","times_raw":"8 am to 8 pm","max_stay_raw":null,"no_return_raw":null,"layer_raw":"TRO-16a-2025 Part 4.13 item 23","area_m2":59.6,"perimeter_m":63.6,"centroid":[-0.132334,50.843698],"source_objectid":null,"issues":null,"source":"traffic_order","source_text":"Hollingbury Crescent, N side: From a point 1 metre west of the boundary between Nos.14 & 15 Hollingbury Crescent westwards for 29 metres","source_url":"https://tro.tpt.gov.uk/TRO/Brighton%20and%20Hove/912-CPZ-Amend-4-2026-TRO16a2025.pdf","price_band":null}},{"type":"Feature","id":"permit-z14-4.13-24","geometry":{"type":"Polygon","coordinates":[[[-0.132107,50.843829],[-0.132094,50.843833],[-0.132081,50.843838],[-0.132069,50.843842],[-0.132057,50.843847],[-0.132044,50.843851],[-0.13203,50.843836],[-0.132042,50.843831],[-0.132055,50.843827],[-0.132067,50.843822],[-0.13208,50.843818],[-0.132092,50.843813],[-0.132107,50.843829]]]},"properties":{"id":"permit-z14-4.13-24","type":"permit","zone":"14","red_route":false,"tariff":null,"pay_by_phone":null,"max_stay_mins":null,"no_return_mins":null,"schedule":[{"days":["mon","tue","wed","thu","fri","sat","sun"],"start":"08:00","end":"20:00"}],"days_raw":"Mon to Sun","times_raw":"8 am to 8 pm","max_stay_raw":null,"no_return_raw":null,"layer_raw":"TRO-16a-2025 Part 4.13 item 24","area_m2":10.1,"perimeter_m":14.1,"centroid":[-0.132068,50.84383],"source_objectid":null,"issues":null,"source":"traffic_order","source_text":"Hollingbury Crescent, N side: From a point 5.5 metres east of the boundary between Nos.14 & 15 Hollingbury Crescent eastwards for 5 metres","source_url":"https://tro.tpt.gov.uk/TRO/Brighton%20and%20Hove/912-CPZ-Amend-4-2026-TRO16a2025.pdf","price_band":null}},{"type":"Feature","id":"permit-z14-4.13-25","geometry":{"type":"Polygon","coordinates":[[[-0.131696,50.843941],[-0.131683,50.843943],[-0.13167,50.843946],[-0.131657,50.843948],[-0.131643,50.843951],[-0.131628,50.843954],[-0.131613,50.843956],[-0.131599,50.843958],[-0.131585,50.84396],[-0.131571,50.843962],[-0.131558,50.843964],[-0.131544,50.843965],[-0.131531,50.843967],[-0.131517,50.843969],[-0.131504,50.843971],[-0.13149,50.843973],[-0.131484,50.843955],[-0.131498,50.843953],[-0.131511,50.843951],[-0.131525,50.843949],[-0.131538,50.843948],[-0.131552,50.843946],[-0.131565,50.843944],[-0.131579,50.843942],[-0.131593,50.84394],[-0.131607,50.843939],[-0.131621,50.843936],[-0.131635,50.843934],[-0.131648,50.843931],[-0.131662,50.843928],[-0.131675,50.843926],[-0.131688,50.843923],[-0.131696,50.843941]]]},"properties":{"id":"permit-z14-4.13-25","type":"permit","zone":"14","red_route":false,"tariff":null,"pay_by_phone":null,"max_stay_mins":null,"no_return_mins":null,"schedule":[{"days":["mon","tue","wed","thu","fri","sat","sun"],"start":"08:00","end":"20:00"}],"days_raw":"Mon to Sun","times_raw":"8 am to 8 pm","max_stay_raw":null,"no_return_raw":null,"layer_raw":"TRO-16a-2025 Part 4.13 item 25","area_m2":29.7,"perimeter_m":33.7,"centroid":[-0.13159,50.843949],"source_objectid":null,"issues":null,"source":"traffic_order","source_text":"Hollingbury Crescent, N side: From a point 1 metre east of the boundary between Nos.19 & 20 Hollingbury Crescent westwards for 14.5 metres","source_url":"https://tro.tpt.gov.uk/TRO/Brighton%20and%20Hove/912-CPZ-Amend-4-2026-TRO16a2025.pdf","price_band":null}},{"type":"Feature","id":"permit-z14-4.13-26","geometry":{"type":"Polygon","coordinates":[[[-0.132723,50.843146],[-0.132717,50.843154],[-0.13271,50.843162],[-0.132704,50.84317],[-0.132697,50.843178],[-0.13269,50.843186],[-0.132684,50.843195],[-0.132677,50.843204],[-0.132671,50.843213],[-0.132665,50.843221],[-0.132659,50.843229],[-0.132653,50.843238],[-0.132648,50.843246],[-0.132642,50.843254],[-0.132636,50.843262],[-0.13263,50.843271],[-0.132624,50.843279],[-0.132618,50.843287],[-0.132644,50.843295],[-0.13265,50.843286],[-0.132656,50.843278],[-0.132662,50.84327],[-0.132668,50.843262],[-0.132674,50.843253],[-0.132679,50.843245],[-0.132685,50.843237],[-0.132691,50.843229],[-0.132697,50.84322],[-0.132703,50.843212],[-0.132709,50.843203],[-0.132716,50.843195],[-0.132723,50.843186],[-0.132729,50.843178],[-0.132735,50.84317],[-0.132742,50.843162],[-0.132748,50.843154],[-0.132723,50.843146]]]},"properties":{"id":"permit-z14-4.13-26","type":"permit","zone":"14","red_route":false,"tariff":null,"pay_by_phone":null,"max_stay_mins":null,"no_return_mins":null,"schedule":[{"days":["mon","tue","wed","thu","fri","sat","sun"],"start":"08:00","end":"20:00"}],"days_raw":"Mon to Sun","times_raw":"8 am to 8 pm","max_stay_raw":null,"no_return_raw":null,"layer_raw":"TRO-16a-2025 Part 4.13 item 26","area_m2":34.5,"perimeter_m":38.5,"centroid":[-0.132682,50.843223],"source_objectid":null,"issues":null,"source":"traffic_order","source_text":"Hollingbury Crescent, S side: From the boundary between Nos.1 & 2 Hollingbury Crescent northwards for 17 metres","source_url":"https://tro.tpt.gov.uk/TRO/Brighton%20and%20Hove/912-CPZ-Amend-4-2026-TRO16a2025.pdf","price_band":null}},{"type":"Feature","id":"permit-z14-4.13-27","geometry":{"type":"Polygon","coordinates":[[[-0.132599,50.84332],[-0.132594,50.843326],[-0.132589,50.843332],[-0.132583,50.843338],[-0.132577,50.843345],[-0.13257,50.843352],[-0.132562,50.843359],[-0.132555,50.843367],[-0.132548,50.843374],[-0.132541,50.843382],[-0.132533,50.843389],[-0.132526,50.843396],[-0.132519,50.843404],[-0.132512,50.843411],[-0.132505,50.843419],[-0.132497,50.843426],[-0.132521,50.843436],[-0.132529,50.843428],[-0.132536,50.843421],[-0.132543,50.843413],[-0.13255,50.843406],[-0.132558,50.843399],[-0.132565,50.843391],[-0.132572,50.843384],[-0.132579,50.843376],[-0.132587,50.843369],[-0.132594,50.843362],[-0.132601,50.843354],[-0.132608,50.843347],[-0.132614,50.843341],[-0.13262,50.843334],[-0.132624,50.843327],[-0.132599,50.84332]]]},"properties":{"id":"permit-z14-4.13-27","type":"permit","zone":"14","red_route":false,"tariff":null,"pay_by_phone":null,"max_stay_mins":null,"no_return_mins":null,"schedule":[{"days":["mon","tue","wed","thu","fri","sat","sun"],"start":"08:00","end":"20:00"}],"days_raw":"Mon to Sun","times_raw":"8 am to 8 pm","max_stay_raw":null,"no_return_raw":null,"layer_raw":"TRO-16a-2025 Part 4.13 item 27","area_m2":27.8,"perimeter_m":31.8,"centroid":[-0.132561,50.843374],"source_objectid":null,"issues":null,"source":"traffic_order","source_text":"Hollingbury Crescent, S side: From a point 5.5 metres south of the boundary between Nos.5b & 6 Hollingbury Crescent southwards for 14.5 metres","source_url":"https://tro.tpt.gov.uk/TRO/Brighton%20and%20Hove/912-CPZ-Amend-4-2026-TRO16a2025.pdf","price_band":null}},{"type":"Feature","id":"permit-z14-4.13-28","geometry":{"type":"Polygon","coordinates":[[[-0.130179,50.843941],[-0.130194,50.843941],[-0.130208,50.843942],[-0.130222,50.843942],[-0.130236,50.843943],[-0.13025,50.843944],[-0.130252,50.843926],[-0.130238,50.843925],[-0.130224,50.843924],[-0.13021,50.843924],[-0.130195,50.843923],[-0.130181,50.843922],[-0.130179,50.843941]]]},"properties":{"id":"permit-z14-4.13-28","type":"permit","zone":"14","red_route":false,"tariff":null,"pay_by_phone":null,"max_stay_mins":null,"no_return_mins":null,"schedule":[{"days":["mon","tue","wed","thu","fri","sat","sun"],"start":"08:00","end":"20:00"}],"days_raw":"Mon to Sun","times_raw":"8 am to 8 pm","max_stay_raw":null,"no_return_raw":null,"layer_raw":"TRO-16a-2025 Part 4.13 item 28","area_m2":10.0,"perimeter_m":14.0,"centroid":[-0.130215,50.843936],"source_objectid":null,"issues":null,"source":"traffic_order","source_text":"Hollingbury Place, N side: From a point 2 metres west of the boundary between property Nos.17 & 19 Hollingbury Place eastwards for 5 metres","source_url":"https://tro.tpt.gov.uk/TRO/Brighton%20and%20Hove/912-CPZ-Amend-4-2026-TRO16a2025.pdf","price_band":null}},{"type":"Feature","id":"permit-z14-4.13-29","geometry":{"type":"Polygon","coordinates":[[[-0.12969,50.84392],[-0.129704,50.84392],[-0.129718,50.843921],[-0.129731,50.843922],[-0.129745,50.843922],[-0.129759,50.843923],[-0.129773,50.843923],[-0.129787,50.843924],[-0.129801,50.843925],[-0.129814,50.843925],[-0.129828,50.843926],[-0.129842,50.843926],[-0.129856,50.843927],[-0.12987,50.843928],[-0.129883,50.843928],[-0.129897,50.843929],[-0.129911,50.843929],[-0.129925,50.84393],[-0.129939,50.84393],[-0.129953,50.843931],[-0.129954,50.843913],[-0.129941,50.843912],[-0.129927,50.843912],[-0.129913,50.843911],[-0.129899,50.843911],[-0.129885,50.84391],[-0.129872,50.843909],[-0.129858,50.843909],[-0.129844,50.843908],[-0.12983,50.843908],[-0.129816,50.843907],[-0.129802,50.843907],[-0.129789,50.843906],[-0.129775,50.843905],[-0.129761,50.843905],[-0.129747,50.843904],[-0.129733,50.843904],[-0.12972,50.843903],[-0.129706,50.843902],[-0.129692,50.843902],[-0.12969,50.84392]]]},"properties":{"id":"permit-z14-4.13-29","type":"permit","zone":"14","red_route":false,"tariff":null,"pay_by_phone":null,"max_stay_mins":null,"no_return_mins":null,"schedule":[{"days":["mon","tue","wed","thu","fri","sat","sun"],"start":"08:00","end":"20:00"}],"days_raw":"Mon to Sun","times_raw":"8 am to 8 pm","max_stay_raw":null,"no_return_raw":null,"layer_raw":"TRO-16a-2025 Part 4.13 item 29","area_m2":37.0,"perimeter_m":41.0,"centroid":[-0.129822,50.843914],"source_objectid":null,"issues":null,"source":"traffic_order","source_text":"Hollingbury Place, N side: From a point 1 metre east of the boundary between property Nos.23 & 25 Hollingbury Place eastwards for 18.5 metres","source_url":"https://tro.tpt.gov.uk/TRO/Brighton%20and%20Hove/912-CPZ-Amend-4-2026-TRO16a2025.pdf","price_band":null}},{"type":"Feature","id":"permit-z14-4.13-30","geometry":{"type":"Polygon","coordinates":[[[-0.130103,50.84385],[-0.130117,50.843851],[-0.130132,50.843852],[-0.130146,50.843852],[-0.13016,50.843853],[-0.130174,50.843853],[-0.130188,50.843854],[-0.130203,50.843855],[-0.130217,50.843855],[-0.130231,50.843856],[-0.130245,50.843856],[-0.130243,50.843875],[-0.130229,50.843874],[-0.130215,50.843873],[-0.130201,50.843873],[-0.130187,50.843872],[-0.130172,50.843871],[-0.130158,50.843871],[-0.130144,50.84387],[-0.13013,50.84387],[-0.130116,50.843869],[-0.130101,50.843868],[-0.130103,50.84385]]]},"properties":{"id":"permit-z14-4.13-30","type":"permit","zone":"14","red_route":false,"tariff":null,"pay_by_phone":null,"max_stay_mins":null,"no_return_mins":null,"schedule":[{"days":["mon","tue","wed","thu","fri","sat","sun"],"start":"08:00","end":"20:00"}],"days_raw":"Mon to Sun","times_raw":"8 am to 8 pm","max_stay_raw":null,"no_return_raw":null,"layer_raw":"TRO-16a-2025 Part 4.13 item 30","area_m2":20.0,"perimeter_m":24.0,"centroid":[-0.130173,50.843873],"source_objectid":null,"issues":null,"source":"traffic_order","source_text":"Hollingbury Place, S side: From a point 9.5 metres east of the eastern kerbline of Roedale Road eastwards for 10 metres","source_url":"https://tro.tpt.gov.uk/TRO/Brighton%20and%20Hove/912-CPZ-Amend-4-2026-TRO16a2025.pdf","price_band":null}},{"type":"Feature","id":"permit-z14-4.13-31","geometry":{"type":"Polygon","coordinates":[[[-0.129746,50.843859],[-0.12976,50.84386],[-0.129774,50.843861],[-0.129788,50.843861],[-0.129803,50.843862],[-0.129817,50.843862],[-0.129831,50.843863],[-0.129845,50.843864],[-0.129859,50.843864],[-0.129874,50.843865],[-0.129888,50.843865],[-0.129886,50.843883],[-0.129872,50.843883],[-0.129858,50.843882],[-0.129843,50.843882],[-0.129829,50.843881],[-0.129815,50.84388],[-0.129801,50.84388],[-0.129787,50.843879],[-0.129772,50.843879],[-0.129758,50.843878],[-0.129744,50.843877],[-0.129746,50.843859]]]},"properties":{"id":"permit-z14-4.13-31","type":"permit","zone":"14","red_route":false,"tariff":null,"pay_by_phone":null,"max_stay_mins":null,"no_return_mins":null,"schedule":[{"days":["mon","tue","wed","thu","fri","sat","sun"],"start":"08:00","end":"20:00"}],"days_raw":"Mon to Sun","times_raw":"8 am to 8 pm","max_stay_raw":null,"no_return_raw":null,"layer_raw":"TRO-16a-2025 Part 4.13 item 31","area_m2":20.0,"perimeter_m":24.0,"centroid":[-0.129816,50.843878],"source_objectid":null,"issues":null,"source":"traffic_order","source_text":"Hollingbury Place, S side: From a point 34.5 metres east of the eastern kerbline of Roedale Road eastwards for 10 metres","source_url":"https://tro.tpt.gov.uk/TRO/Brighton%20and%20Hove/912-CPZ-Amend-4-2026-TRO16a2025.pdf","price_band":null}},{"type":"Feature","id":"permit-z14-4.13-32","geometry":{"type":"Polygon","coordinates":[[[-0.129308,50.843834],[-0.129322,50.843834],[-0.129336,50.843835],[-0.12935,50.843835],[-0.129365,50.843836],[-0.129379,50.843836],[-0.129377,50.843855],[-0.129363,50.843854],[-0.129349,50.843854],[-0.129335,50.843853],[-0.12932,50.843853],[-0.129306,50.843852],[-0.129308,50.843834]]]},"properties":{"id":"permit-z14-4.13-32","type":"permit","zone":"14","red_route":false,"tariff":null,"pay_by_phone":null,"max_stay_mins":null,"no_return_mins":null,"schedule":[{"days":["mon","tue","wed","thu","fri","sat","sun"],"start":"08:00","end":"20:00"}],"days_raw":"Mon to Sun","times_raw":"8 am to 8 pm","max_stay_raw":null,"no_return_raw":null,"layer_raw":"TRO-16a-2025 Part 4.13 item 32","area_m2":10.0,"perimeter_m":14.0,"centroid":[-0.129342,50.843834],"source_objectid":null,"issues":null,"source":"traffic_order","source_text":"Hollingbury Place, S side: From a point 14 metres west of the boundary between property Nos.24 & 26 Hollingbury Place westwards for 5 metres","source_url":"https://tro.tpt.gov.uk/TRO/Brighton%20and%20Hove/912-CPZ-Amend-4-2026-TRO16a2025.pdf","price_band":null}},{"type":"Feature","id":"permit-z14-4.13-33","geometry":{"type":"Polygon","coordinates":[[[-0.129116,50.843827],[-0.12913,50.843828],[-0.129143,50.843828],[-0.129157,50.843829],[-0.12917,50.843829],[-0.129183,50.84383],[-0.129197,50.84383],[-0.12921,50.843831],[-0.129224,50.843831],[-0.129237,50.843831],[-0.129251,50.843832],[-0.129249,50.84385],[-0.129236,50.84385],[-0.129222,50.843849],[-0.129209,50.843849],[-0.129195,50.843848],[-0.129182,50.843848],[-0.129168,50.843847],[-0.129155,50.843847],[-0.129141,50.843846],[-0.129128,50.843846],[-0.129114,50.843845],[-0.129116,50.843827]]]},"properties":{"id":"permit-z14-4.13-33","type":"permit","zone":"14","red_route":false,"tariff":null,"pay_by_phone":null,"max_stay_mins":null,"no_return_mins":null,"schedule":[{"days":["mon","tue","wed","thu","fri","sat","sun"],"start":"08:00","end":"20:00"}],"days_raw":"Mon to Sun","times_raw":"8 am to 8 pm","max_stay_raw":null,"no_return_raw":null,"layer_raw":"TRO-16a-2025 Part 4.13 item 33","area_m2":19.0,"perimeter_m":23.0,"centroid":[-0.129183,50.843833],"source_objectid":null,"issues":null,"source":"traffic_order","source_text":"Hollingbury Place, S side: From a point 0.5 metres west of the boundary between property Nos.24 & 26 Hollingbury Place westwards for 9.5 metres","source_url":"https://tro.tpt.gov.uk/TRO/Brighton%20and%20Hove/912-CPZ-Amend-4-2026-TRO16a2025.pdf","price_band":null}},{"type":"Feature","id":"permit-z14-4.13-34","geometry":{"type":"Polygon","coordinates":[[[-0.128683,50.843812],[-0.128697,50.843812],[-0.128711,50.843813],[-0.128725,50.843813],[-0.128739,50.843814],[-0.128753,50.843814],[-0.128766,50.843815],[-0.12878,50.843815],[-0.128794,50.843816],[-0.128808,50.843816],[-0.128822,50.843817],[-0.128836,50.843817],[-0.12885,50.843818],[-0.128864,50.843818],[-0.128878,50.843819],[-0.128892,50.843819],[-0.128906,50.84382],[-0.12892,50.84382],[-0.128934,50.843821],[-0.128948,50.843821],[-0.128962,50.843822],[-0.128976,50.843822],[-0.12899,50.843823],[-0.129003,50.843823],[-0.129017,50.843824],[-0.129031,50.843824],[-0.129045,50.843825],[-0.129059,50.843825],[-0.129058,50.843843],[-0.129044,50.843843],[-0.12903,50.843842],[-0.129016,50.843842],[-0.129002,50.843841],[-0.128988,50.843841],[-0.128974,50.84384],[-0.12896,50.84384],[-0.128946,50.843839],[-0.128932,50.843839],[-0.128918,50.843838],[-0.128904,50.843838],[-0.12889,50.843837],[-0.128876,50.843837],[-0.128862,50.843836],[-0.128849,50.843836],[-0.128835,50.843835],[-0.128821,50.843835],[-0.128807,50.843834],[-0.128793,50.843834],[-0.128779,50.843833],[-0.128765,50.843833],[-0.128751,50.843832],[-0.128737,50.843832],[-0.128723,50.843831],[-0.128709,50.843831],[-0.128695,50.84383],[-0.128681,50.84383],[-0.128683,50.843812]]]},"properties":{"id":"permit-z14-4.13-34","type":"permit","zone":"14","red_route":false,"tariff":null,"pay_by_phone":null,"max_stay_mins":null,"no_return_mins":null,"schedule":[{"days":["mon","tue","wed","thu","fri","sat","sun"],"start":"08:00","end":"20:00"}],"days_raw":"Mon to Sun","times_raw":"8 am to 8 pm","max_stay_raw":null,"no_return_raw":null,"layer_raw":"TRO-16a-2025 Part 4.13 item 34","area_m2":53.0,"perimeter_m":57.0,"centroid":[-0.12887,50.843831],"source_objectid":null,"issues":null,"source":"traffic_order","source_text":"Hollingbury Place, S side: From a point 3.5 metres east of the boundary between property Nos.24 & 26 Hollingbury Place eastwards for 26.5 metres","source_url":"https://tro.tpt.gov.uk/TRO/Brighton%20and%20Hove/912-CPZ-Amend-4-2026-TRO16a2025.pdf","price_band":null}},{"type":"Feature","id":"permit-z14-4.13-35","geometry":{"type":"Polygon","coordinates":[[[-0.127673,50.838159],[-0.127687,50.838161],[-0.127701,50.838162],[-0.127715,50.838164],[-0.127729,50.838165],[-0.127743,50.838167],[-0.127757,50.838168],[-0.127771,50.83817],[-0.127785,50.838171],[-0.127799,50.838173],[-0.127813,50.838175],[-0.127827,50.838176],[-0.127822,50.838194],[-0.127808,50.838192],[-0.127794,50.838191],[-0.12778,50.838189],[-0.127766,50.838188],[-0.127752,50.838186],[-0.127738,50.838185],[-0.127724,50.838183],[-0.12771,50.838181],[-0.127696,50.83818],[-0.127682,50.838178],[-0.127668,50.838177],[-0.127673,50.838159]]]},"properties":{"id":"permit-z14-4.13-35","type":"permit","zone":"14","red_route":false,"tariff":null,"pay_by_phone":null,"max_stay_mins":null,"no_return_mins":null,"schedule":[{"days":["mon","tue","wed","thu","fri","sat","sun"],"start":"08:00","end":"20:00"}],"days_raw":"Mon to Sun","times_raw":"8 am to 8 pm","max_stay_raw":null,"no_return_raw":null,"layer_raw":"TRO-16a-2025 Part 4.13 item 35","area_m2":22.0,"perimeter_m":26.0,"centroid":[-0.127748,50.838167],"source_objectid":null,"issues":null,"source":"traffic_order","source_text":"Hollingdean Road, S side: From a point 32 metres west of the western kerbline of Hughes Road westwards for 11 metres","source_url":"https://tro.tpt.gov.uk/TRO/Brighton%20and%20Hove/912-CPZ-Amend-4-2026-TRO16a2025.pdf","price_band":null}},{"type":"Feature","id":"permit-z14-4.13-36","geometry":{"type":"Polygon","coordinates":[[[-0.127925,50.838188],[-0.127939,50.838189],[-0.127953,50.838191],[-0.127967,50.838193],[-0.127981,50.838194],[-0.127995,50.838196],[-0.128009,50.838198],[-0.128023,50.838199],[-0.128037,50.838201],[-0.128051,50.838203],[-0.128065,50.838204],[-0.128079,50.838206],[-0.128093,50.838208],[-0.128107,50.838209],[-0.128121,50.838211],[-0.128135,50.838213],[-0.128149,50.838214],[-0.128163,50.838216],[-0.128177,50.838218],[-0.128191,50.838219],[-0.128205,50.838221],[-0.128219,50.838223],[-0.128233,50.838224],[-0.128247,50.838226],[-0.128261,50.838228],[-0.128275,50.838229],[-0.128289,50.838231],[-0.128303,50.838233],[-0.128317,50.838234],[-0.128331,50.838236],[-0.128345,50.838238],[-0.128359,50.838239],[-0.128373,50.838241],[-0.128387,50.838243],[-0.128401,50.838244],[-0.128396,50.838262],[-0.128382,50.83826],[-0.128368,50.838259],[-0.128354,50.838257],[-0.12834,50.838255],[-0.128326,50.838254],[-0.128312,50.838252],[-0.128298,50.83825],[-0.128284,50.838249],[-0.12827,50.838247],[-0.128256,50.838245],[-0.128242,50.838244],[-0.128228,50.838242],[-0.128214,50.83824],[-0.1282,50.838239],[-0.128186,50.838237],[-0.128172,50.838235],[-0.128158,50.838234],[-0.128144,50.838232],[-0.12813,50.83823],[-0.128116,50.838229],[-0.128102,50.838227],[-0.128088,50.838225],[-0.128074,50.838224],[-0.12806,50.838222],[-0.128046,50.83822],[-0.128032,50.838219],[-0.128018,50.838217],[-0.128004,50.838215],[-0.12799,50.838214],[-0.127976,50.838212],[-0.127962,50.83821],[-0.127948,50.838209],[-0.127934,50.838207],[-0.12792,50.838206],[-0.127925,50.838188]]]},"properties":{"id":"permit-z14-4.13-36","type":"permit","zone":"14","red_route":false,"tariff":null,"pay_by_phone":null,"max_stay_mins":null,"no_return_mins":null,"schedule":[{"days":["mon","tue","wed","thu","fri","sat","sun"],"start":"08:00","end":"20:00"}],"days_raw":"Mon to Sun","times_raw":"8 am to 8 pm","max_stay_raw":null,"no_return_raw":null,"layer_raw":"TRO-16a-2025 Part 4.13 item 36","area_m2":68.1,"perimeter_m":72.1,"centroid":[-0.12816,50.838222],"source_objectid":null,"issues":null,"source":"traffic_order","source_text":"Hollingdean Road, S side: From a point 50 metres west of the western kerbline of Hughes Road westwards for 34 metres","source_url":"https://tro.tpt.gov.uk/TRO/Brighton%20and%20Hove/912-CPZ-Amend-4-2026-TRO16a2025.pdf","price_band":null}},{"type":"Feature","id":"permit-z14-4.13-37","geometry":{"type":"Polygon","coordinates":[[[-0.128485,50.838255],[-0.128499,50.838256],[-0.128513,50.838258],[-0.128527,50.83826],[-0.128541,50.838261],[-0.128555,50.838263],[-0.128569,50.838265],[-0.128563,50.838282],[-0.128549,50.838281],[-0.128535,50.838279],[-0.128521,50.838277],[-0.128507,50.838276],[-0.128494,50.838274],[-0.12848,50.838272],[-0.128485,50.838255]]]},"properties":{"id":"permit-z14-4.13-37","type":"permit","zone":"14","red_route":false,"tariff":null,"pay_by_phone":null,"max_stay_mins":null,"no_return_mins":null,"schedule":[{"days":["mon","tue","wed","thu","fri","sat","sun"],"start":"08:00","end":"20:00"}],"days_raw":"Mon to Sun","times_raw":"8 am to 8 pm","max_stay_raw":null,"no_return_raw":null,"layer_raw":"TRO-16a-2025 Part 4.13 item 37","area_m2":12.0,"perimeter_m":16.0,"centroid":[-0.128524,50.83826],"source_objectid":null,"issues":null,"source":"traffic_order","source_text":"Hollingdean Road, S side: From a point 90 metres west of the western kerbline of Hughes Road westwards for 6 metres","source_url":"https://tro.tpt.gov.uk/TRO/Brighton%20and%20Hove/912-CPZ-Amend-4-2026-TRO16a2025.pdf","price_band":null}},{"type":"Feature","id":"permit-z14-4.13-38","geometry":{"type":"Polygon","coordinates":[[[-0.131298,50.842386],[-0.131285,50.842386],[-0.131272,50.842385],[-0.131259,50.842384],[-0.131245,50.842384],[-0.131232,50.842383],[-0.131219,50.842383],[-0.131206,50.842382],[-0.131192,50.842381],[-0.131179,50.842381],[-0.131166,50.84238],[-0.131153,50.84238],[-0.131139,50.842379],[-0.131126,50.842379],[-0.131113,50.842378],[-0.1311,50.842377],[-0.131102,50.842359],[-0.131115,50.84236],[-0.131128,50.842361],[-0.131141,50.842361],[-0.131155,50.842362],[-0.131168,50.842362],[-0.131181,50.842363],[-0.131194,50.842363],[-0.131208,50.842364],[-0.131221,50.842365],[-0.131234,50.842365],[-0.131247,50.842366],[-0.131261,50.842366],[-0.131274,50.842367],[-0.131287,50.842368],[-0.1313,50.842368],[-0.131298,50.842386]]]},"properties":{"id":"permit-z14-4.13-38","type":"permit","zone":"14","red_route":false,"tariff":null,"pay_by_phone":null,"max_stay_mins":null,"no_return_mins":null,"schedule":[{"days":["mon","tue","wed","thu","fri","sat","sun"],"start":"08:00","end":"20:00"}],"days_raw":"Mon to Sun","times_raw":"8 am to 8 pm","max_stay_raw":null,"no_return_raw":null,"layer_raw":"TRO-16a-2025 Part 4.13 item 38","area_m2":28.0,"perimeter_m":32.0,"centroid":[-0.1312,50.842366],"source_objectid":null,"issues":null,"source":"traffic_order","source_text":"Hollingdean Street, N side: From a point 5 metres east of the eastern kerbline of Hollingdean Terrace eastwards for 14 metres","source_url":"https://tro.tpt.gov.uk/TRO/Brighton%20and%20Hove/912-CPZ-Amend-4-2026-TRO16a2025.pdf","price_band":null}},{"type":"Feature","id":"permit-z14-4.13-39","geometry":{"type":"Polygon","coordinates":[[[-0.130862,50.84237],[-0.130848,50.842369],[-0.130834,50.842368],[-0.130819,50.842368],[-0.130805,50.842367],[-0.130791,50.842367],[-0.130777,50.842366],[-0.130763,50.842365],[-0.130748,50.842365],[-0.130734,50.842364],[-0.13072,50.842363],[-0.130722,50.842345],[-0.130736,50.842346],[-0.13075,50.842347],[-0.130765,50.842347],[-0.130779,50.842348],[-0.130793,50.842348],[-0.130807,50.842349],[-0.130821,50.84235],[-0.130836,50.84235],[-0.13085,50.842351],[-0.130864,50.842352],[-0.130862,50.84237]]]},"properties":{"id":"permit-z14-4.13-39","type":"permit","zone":"14","red_route":false,"tariff":null,"pay_by_phone":null,"max_stay_mins":null,"no_return_mins":null,"schedule":[{"days":["mon","tue","wed","thu","fri","sat","sun"],"start":"08:00","end":"20:00"}],"days_raw":"Mon to Sun","times_raw":"8 am to 8 pm","max_stay_raw":null,"no_return_raw":null,"layer_raw":"TRO-16a-2025 Part 4.13 item 39","area_m2":20.0,"perimeter_m":24.0,"centroid":[-0.130792,50.842351],"source_objectid":null,"issues":null,"source":"traffic_order","source_text":"Hollingdean Street, N side: From a point 5 metres west of the western kerbline of Roedale Road westwards for 10 metres","source_url":"https://tro.tpt.gov.uk/TRO/Brighton%20and%20Hove/912-CPZ-Amend-4-2026-TRO16a2025.pdf","price_band":null}},{"type":"Feature","id":"permit-z14-4.13-40","geometry":{"type":"Polygon","coordinates":[[[-0.130114,50.84234],[-0.1301,50.842339],[-0.130086,50.842339],[-0.130073,50.842338],[-0.130059,50.842338],[-0.130045,50.842337],[-0.130031,50.842337],[-0.130017,50.842336],[-0.130004,50.842336],[-0.12999,50.842335],[-0.129976,50.842335],[-0.129962,50.842334],[-0.129948,50.842334],[-0.129935,50.842333],[-0.129921,50.842333],[-0.129907,50.842332],[-0.129893,50.842332],[-0.129879,50.842331],[-0.129866,50.842331],[-0.129867,50.842313],[-0.129881,50.842313],[-0.129895,50.842314],[-0.129909,50.842314],[-0.129922,50.842315],[-0.129936,50.842315],[-0.12995,50.842316],[-0.129964,50.842316],[-0.129978,50.842317],[-0.129991,50.842317],[-0.130005,50.842318],[-0.130019,50.842318],[-0.130033,50.842319],[-0.130047,50.842319],[-0.13006,50.84232],[-0.130074,50.84232],[-0.130088,50.842321],[-0.130102,50.842321],[-0.130116,50.842322],[-0.130114,50.84234]]]},"properties":{"id":"permit-z14-4.13-40","type":"permit","zone":"14","red_route":false,"tariff":null,"pay_by_phone":null,"max_stay_mins":null,"no_return_mins":null,"schedule":[{"days":["mon","tue","wed","thu","fri","sat","sun"],"start":"08:00","end":"20:00"}],"days_raw":"Mon to Sun","times_raw":"8 am to 8 pm","max_stay_raw":null,"no_return_raw":null,"layer_raw":"TRO-16a-2025 Part 4.13 item 40","area_m2":35.0,"perimeter_m":39.0,"centroid":[-0.129991,50.842322],"source_objectid":null,"issues":null,"source":"traffic_order","source_text":"Hollingdean Street, N side: From a point 5 metres west of the western kerbline of Dudley Road westwards for 17.5 metres","source_url":"https://tro.tpt.gov.uk/TRO/Brighton%20and%20Hove/912-CPZ-Amend-4-2026-TRO16a2025.pdf","price_band":null}},{"type":"Feature","id":"permit-z14-4.13-41","geometry":{"type":"Polygon","coordinates":[[[-0.130433,50.842352],[-0.130419,50.842351],[-0.130405,50.842351],[-0.13039,50.84235],[-0.130376,50.84235],[-0.130362,50.842349],[-0.130348,50.842349],[-0.130333,50.842348],[-0.130319,50.842347],[-0.130305,50.842347],[-0.130291,50.842346],[-0.130277,50.842346],[-0.130262,50.842345],[-0.130248,50.842345],[-0.130234,50.842344],[-0.13022,50.842344],[-0.130222,50.842326],[-0.130236,50.842326],[-0.13025,50.842327],[-0.130264,50.842327],[-0.130278,50.842328],[-0.130293,50.842328],[-0.130307,50.842329],[-0.130321,50.842329],[-0.130335,50.84233],[-0.130349,50.84233],[-0.130364,50.842331],[-0.130378,50.842332],[-0.130392,50.842332],[-0.130406,50.842333],[-0.13042,50.842333],[-0.130435,50.842334],[-0.130433,50.842352]]]},"properties":{"id":"permit-z14-4.13-41","type":"permit","zone":"14","red_route":false,"tariff":null,"pay_by_phone":null,"max_stay_mins":null,"no_return_mins":null,"schedule":[{"days":["mon","tue","wed","thu","fri","sat","sun"],"start":"08:00","end":"20:00"}],"days_raw":"Mon to Sun","times_raw":"8 am to 8 pm","max_stay_raw":null,"no_return_raw":null,"layer_raw":"TRO-16a-2025 Part 4.13 item 41","area_m2":30.0,"perimeter_m":34.0,"centroid":[-0.130328,50.84234],"source_objectid":null,"issues":null,"source":"traffic_order","source_text":"Hollingdean Street, N side: From a point 5 metres east of the eastern kerbline of Roedale Road eastwards for 15 metres","source_url":"https://tro.tpt.gov.uk/TRO/Brighton%20and%20Hove/912-CPZ-Amend-4-2026-TRO16a2025.pdf","price_band":null}},{"type":"Feature","id":"permit-z14-4.13-42","geometry":{"type":"Polygon","coordinates":[[[-0.131307,50.842308],[-0.131293,50.842308],[-0.131279,50.842307],[-0.131265,50.842307],[-0.131251,50.842306],[-0.131237,50.842305],[-0.131223,50.842305],[-0.131209,50.842304],[-0.131195,50.842303],[-0.131181,50.842303],[-0.131167,50.842302],[-0.131153,50.842302],[-0.131139,50.842301],[-0.131125,50.8423],[-0.131111,50.8423],[-0.131096,50.842299],[-0.131082,50.842299],[-0.131068,50.842298],[-0.131054,50.842297],[-0.13104,50.842297],[-0.131026,50.842296],[-0.131012,50.842295],[-0.130998,50.842295],[-0.130984,50.842294],[-0.13097,50.842294],[-0.130956,50.842293],[-0.130942,50.842292],[-0.130928,50.842292],[-0.130914,50.842291],[-0.1309,50.84229],[-0.130886,50.84229],[-0.130872,50.842289],[-0.130858,50.842289],[-0.130844,50.842288],[-0.13083,50.842287],[-0.130816,50.842287],[-0.130802,50.842286],[-0.130788,50.842286],[-0.130774,50.842285],[-0.13076,50.842284],[-0.130746,50.842284],[-0.130732,50.842283],[-0.13073,50.842301],[-0.130744,50.842302],[-0.130758,50.842302],[-0.130772,50.842303],[-0.130786,50.842304],[-0.1308,50.842304],[-0.130814,50.842305],[-0.130828,50.842305],[-0.130842,50.842306],[-0.130856,50.842307],[-0.13087,50.842307],[-0.130884,50.842308],[-0.130898,50.842309],[-0.130912,50.842309],[-0.130926,50.84231],[-0.13094,50.84231],[-0.130954,50.842311],[-0.130968,50.842312],[-0.130982,50.842312],[-0.130996,50.842313],[-0.13101,50.842313],[-0.131024,50.842314],[-0.131038,50.842315],[-0.131052,50.842315],[-0.131066,50.842316],[-0.13108,50.842317],[-0.131095,50.842317],[-0.131109,50.842318],[-0.131123,50.842318],[-0.131137,50.842319],[-0.131151,50.84232],[-0.131165,50.84232],[-0.131179,50.842321],[-0.131193,50.842322],[-0.131207,50.842322],[-0.131221,50.842323],[-0.131235,50.842323],[-0.131249,50.842324],[-0.131263,50.842325],[-0.131277,50.842325],[-0.131291,50.842326],[-0.131305,50.842327],[-0.131307,50.842308]]]},"properties":{"id":"permit-z14-4.13-42","type":"permit","zone":"14","red_route":false,"tariff":null,"pay_by_phone":null,"max_stay_mins":null,"no_return_mins":null,"schedule":[{"days":["mon","tue","wed","thu","fri","sat","sun"],"start":"08:00","end":"20:00"}],"days_raw":"Mon to Sun","times_raw":"8 am to 8 pm","max_stay_raw":null,"no_return_raw":null,"layer_raw":"TRO-16a-2025 Part 4.13 item 42","area_m2":81.0,"perimeter_m":85.0,"centroid":[-0.131019,50.842308],"source_objectid":null,"issues":null,"source":"traffic_order","source_text":"Hollingdean Street, S side: From a point 5 metres east of the eastern kerbline of Hollingdean Terrace eastwards for 40.5 metres","source_url":"https://tro.tpt.gov.uk/TRO/Brighton%20and%20Hove/912-CPZ-Amend-4-2026-TRO16a2025.pdf","price_band":null}},{"type":"Feature","id":"permit-z14-4.13-43","geometry":{"type":"Polygon","coordinates":[[[-0.13044,50.842273],[-0.130426,50.842272],[-0.130412,50.842272],[-0.130398,50.842271],[-0.130383,50.84227],[-0.130369,50.84227],[-0.130355,50.842269],[-0.130341,50.842269],[-0.130327,50.842268],[-0.130312,50.842268],[-0.130298,50.842267],[-0.130284,50.842267],[-0.13027,50.842266],[-0.130255,50.842266],[-0.130241,50.842265],[-0.130227,50.842265],[-0.130225,50.842283],[-0.13024,50.842283],[-0.130254,50.842284],[-0.130268,50.842284],[-0.130282,50.842285],[-0.130296,50.842285],[-0.130311,50.842286],[-0.130325,50.842286],[-0.130339,50.842287],[-0.130353,50.842287],[-0.130367,50.842288],[-0.130382,50.842289],[-0.130396,50.842289],[-0.13041,50.84229],[-0.130424,50.84229],[-0.130438,50.842291],[-0.13044,50.842273]]]},"properties":{"id":"permit-z14-4.13-43","type":"permit","zone":"14","red_route":false,"tariff":null,"pay_by_phone":null,"max_stay_mins":null,"no_return_mins":null,"schedule":[{"days":["mon","tue","wed","thu","fri","sat","sun"],"start":"08:00","end":"20:00"}],"days_raw":"Mon to Sun","times_raw":"8 am to 8 pm","max_stay_raw":null,"no_return_raw":null,"layer_raw":"TRO-16a-2025 Part 4.13 item 43","area_m2":30.0,"perimeter_m":34.0,"centroid":[-0.130333,50.842269],"source_objectid":null,"issues":null,"source":"traffic_order","source_text":"Hollingdean Street, S side: From a point 5 metres east of the eastern kerbline of Roedale Road eastwards for 15 metres","source_url":"https://tro.tpt.gov.uk/TRO/Brighton%20and%20Hove/912-CPZ-Amend-4-2026-TRO16a2025.pdf","price_band":null}},{"type":"Feature","id":"permit-z14-4.13-44","geometry":{"type":"Polygon","coordinates":[[[-0.130143,50.842262],[-0.130128,50.842262],[-0.130114,50.842261],[-0.1301,50.84226],[-0.130086,50.84226],[-0.130072,50.842259],[-0.130057,50.842259],[-0.130043,50.842258],[-0.130029,50.842258],[-0.130015,50.842257],[-0.130001,50.842257],[-0.129986,50.842256],[-0.129972,50.842256],[-0.129958,50.842255],[-0.129944,50.842255],[-0.12993,50.842254],[-0.129915,50.842254],[-0.129901,50.842253],[-0.129887,50.842253],[-0.129873,50.842252],[-0.129871,50.84227],[-0.129885,50.842271],[-0.129899,50.842271],[-0.129914,50.842272],[-0.129928,50.842272],[-0.129942,50.842273],[-0.129956,50.842273],[-0.12997,50.842274],[-0.129985,50.842274],[-0.129999,50.842275],[-0.130013,50.842275],[-0.130027,50.842276],[-0.130041,50.842276],[-0.130056,50.842277],[-0.13007,50.842277],[-0.130084,50.842278],[-0.130098,50.842279],[-0.130112,50.842279],[-0.130127,50.84228],[-0.130141,50.84228],[-0.130143,50.842262]]]},"properties":{"id":"permit-z14-4.13-44","type":"permit","zone":"14","red_route":false,"tariff":null,"pay_by_phone":null,"max_stay_mins":null,"no_return_mins":null,"schedule":[{"days":["mon","tue","wed","thu","fri","sat","sun"],"start":"08:00","end":"20:00"}],"days_raw":"Mon to Sun","times_raw":"8 am to 8 pm","max_stay_raw":null,"no_return_raw":null,"layer_raw":"TRO-16a-2025 Part 4.13 item 44","area_m2":38.0,"perimeter_m":42.0,"centroid":[-0.130007,50.842267],"source_objectid":null,"issues":null,"source":"traffic_order","source_text":"Hollingdean Street, S side: From a point 5 metres west of the western kerbline of Dudley Road westwards for 19 metres","source_url":"https://tro.tpt.gov.uk/TRO/Brighton%20and%20Hove/912-CPZ-Amend-4-2026-TRO16a2025.pdf","price_band":null}},{"type":"Feature","id":"permit-z14-4.13-45","geometry":{"type":"Polygon","coordinates":[[[-0.13139,50.843625],[-0.13139,50.843634],[-0.131389,50.843643],[-0.131388,50.843652],[-0.131388,50.843661],[-0.131387,50.84367],[-0.131386,50.843679],[-0.131386,50.843687],[-0.131385,50.843696],[-0.131384,50.843705],[-0.131384,50.843714],[-0.131383,50.843723],[-0.131382,50.843732],[-0.131382,50.84374],[-0.131381,50.843749],[-0.13138,50.843758],[-0.13138,50.843767],[-0.131379,50.843776],[-0.131378,50.843785],[-0.131378,50.843793],[-0.131377,50.843802],[-0.131376,50.843811],[-0.131376,50.84382],[-0.131375,50.843829],[-0.131347,50.843828],[-0.131347,50.843819],[-0.131348,50.84381],[-0.131349,50.843801],[-0.131349,50.843793],[-0.13135,50.843784],[-0.131351,50.843775],[-0.131351,50.843766],[-0.131352,50.843757],[-0.131353,50.843748],[-0.131353,50.84374],[-0.131354,50.843731],[-0.131355,50.843722],[-0.131355,50.843713],[-0.131356,50.843704],[-0.131357,50.843695],[-0.131357,50.843686],[-0.131358,50.843678],[-0.131359,50.843669],[-0.131359,50.84366],[-0.13136,50.843651],[-0.131361,50.843642],[-0.131361,50.843633],[-0.131362,50.843625],[-0.13139,50.843625]]]},"properties":{"id":"permit-z14-4.13-45","type":"permit","zone":"14","red_route":false,"tariff":null,"pay_by_phone":null,"max_stay_mins":null,"no_return_mins":null,"schedule":[{"days":["mon","tue","wed","thu","fri","sat","sun"],"start":"08:00","end":"20:00"}],"days_raw":"Mon to Sun","times_raw":"8 am to 8 pm","max_stay_raw":null,"no_return_raw":null,"layer_raw":"TRO-16a-2025 Part 4.13 item 45","area_m2":45.0,"perimeter_m":49.0,"centroid":[-0.131369,50.84373],"source_objectid":null,"issues":null,"source":"traffic_order","source_text":"Hollingdean Terrace, W side: From a point 9 metres south of the southern kerbline of Hollingbury Crescent southwards for 22.5 metres","source_url":"https://tro.tpt.gov.uk/TRO/Brighton%20and%20Hove/912-CPZ-Amend-4-2026-TRO16a2025.pdf","price_band":null}},{"type":"Feature","id":"permit-z14-4.13-46","geometry":{"type":"Polygon","coordinates":[[[-0.131474,50.842514],[-0.131474,50.842523],[-0.131473,50.842532],[-0.131472,50.842541],[-0.131472,50.84255],[-0.131471,50.842559],[-0.13147,50.842568],[-0.13147,50.842577],[-0.131469,50.842586],[-0.131468,50.842595],[-0.131468,50.842604],[-0.131467,50.842613],[-0.131466,50.842622],[-0.131466,50.842632],[-0.131465,50.842641],[-0.131464,50.84265],[-0.131464,50.842659],[-0.131463,50.842668],[-0.131462,50.842677],[-0.131461,50.842686],[-0.131461,50.842695],[-0.13146,50.842704],[-0.131459,50.842713],[-0.131459,50.842722],[-0.131458,50.842731],[-0.131457,50.84274],[-0.131457,50.842749],[-0.131456,50.842758],[-0.131455,50.842767],[-0.131455,50.842776],[-0.131454,50.842785],[-0.131453,50.842794],[-0.131453,50.842803],[-0.131452,50.842812],[-0.131451,50.842821],[-0.131451,50.84283],[-0.13145,50.842839],[-0.131449,50.842848],[-0.131449,50.842857],[-0.131448,50.842866],[-0.131447,50.842875],[-0.131447,50.842885],[-0.131446,50.842894],[-0.131445,50.842903],[-0.131445,50.842912],[-0.131444,50.842921],[-0.131443,50.84293],[-0.131443,50.842939],[-0.131442,50.842948],[-0.131441,50.842957],[-0.131441,50.842966],[-0.13144,50.842975],[-0.131439,50.842984],[-0.131438,50.842993],[-0.131438,50.843002],[-0.131437,50.843011],[-0.131436,50.84302],[-0.131436,50.843029],[-0.131435,50.843038],[-0.131434,50.843047],[-0.131434,50.843056],[-0.131433,50.843065],[-0.131432,50.843074],[-0.131432,50.843083],[-0.131431,50.843092],[-0.13143,50.843101],[-0.13143,50.84311],[-0.131429,50.843119],[-0.131428,50.843129],[-0.131428,50.843138],[-0.131427,50.843147],[-0.131426,50.843156],[-0.131426,50.843165],[-0.131425,50.843174],[-0.131424,50.843183],[-0.131424,50.843192],[-0.131423,50.843201],[-0.131422,50.84321],[-0.131422,50.843219],[-0.131421,50.843228],[-0.13142,50.843237],[-0.131419,50.843246],[-0.131419,50.843255],[-0.131418,50.843264],[-0.131417,50.843273],[-0.131417,50.843282],[-0.131416,50.843291],[-0.131415,50.8433],[-0.131415,50.843309],[-0.131414,50.843318],[-0.131413,50.843327],[-0.131413,50.843336],[-0.131412,50.843345],[-0.131411,50.843354],[-0.131411,50.843363],[-0.13141,50.843372],[-0.131409,50.843382],[-0.131409,50.843391],[-0.131408,50.8434],[-0.131407,50.843409],[-0.131407,50.843418],[-0.131406,50.843427],[-0.131405,50.843436],[-0.131405,50.843445],[-0.131404,50.843454],[-0.131403,50.843463],[-0.131402,50.843472],[-0.131402,50.843481],[-0.131401,50.84349],[-0.1314,50.843499],[-0.1314,50.843508],[-0.131399,50.843517],[-0.131398,50.843526],[-0.131398,50.843535],[-0.131397,50.843544],[-0.131396,50.843553],[-0.131396,50.843562],[-0.131395,50.843571],[-0.131394,50.84358],[-0.131366,50.843579],[-0.131367,50.84357],[-0.131367,50.843561],[-0.131368,50.843552],[-0.131369,50.843543],[-0.131369,50.843534],[-0.13137,50.843525],[-0.131371,50.843516],[-0.131371,50.843507],[-0.131372,50.843498],[-0.131373,50.843489],[-0.131373,50.84348],[-0.131374,50.843471],[-0.131375,50.843462],[-0.131375,50.843453],[-0.131376,50.843444],[-0.131377,50.843435],[-0.131377,50.843426],[-0.131378,50.843417],[-0.131379,50.843408],[-0.131379,50.843399],[-0.13138,50.84339],[-0.131381,50.843381],[-0.131382,50.843372],[-0.131382,50.843363],[-0.131383,50.843354],[-0.131384,50.843345],[-0.131384,50.843335],[-0.131385,50.843326],[-0.131386,50.843317],[-0.131386,50.843308],[-0.131387,50.843299],[-0.131388,50.84329],[-0.131388,50.843281],[-0.131389,50.843272],[-0.13139,50.843263],[-0.13139,50.843254],[-0.131391,50.843245],[-0.131392,50.843236],[-0.131392,50.843227],[-0.131393,50.843218],[-0.131394,50.843209],[-0.131394,50.8432],[-0.131395,50.843191],[-0.131396,50.843182],[-0.131396,50.843173],[-0.131397,50.843164],[-0.131398,50.843155],[-0.131399,50.843146],[-0.131399,50.843137],[-0.1314,50.843128],[-0.131401,50.843119],[-0.131401,50.84311],[-0.131402,50.843101],[-0.131403,50.843092],[-0.131403,50.843082],[-0.131404,50.843073],[-0.131405,50.843064],[-0.131405,50.843055],[-0.131406,50.843046],[-0.131407,50.843037],[-0.131407,50.843028],[-0.131408,50.843019],[-0.131409,50.84301],[-0.131409,50.843001],[-0.13141,50.842992],[-0.131411,50.842983],[-0.131411,50.842974],[-0.131412,50.842965],[-0.131413,50.842956],[-0.131413,50.842947],[-0.131414,50.842938],[-0.131415,50.842929],[-0.131415,50.84292],[-0.131416,50.842911],[-0.131417,50.842902],[-0.131418,50.842893],[-0.131418,50.842884],[-0.131419,50.842875],[-0.13142,50.842866],[-0.13142,50.842857],[-0.131421,50.842848],[-0.131422,50.842838],[-0.131422,50.842829],[-0.131423,50.84282],[-0.131424,50.842811],[-0.131424,50.842802],[-0.131425,50.842793],[-0.131426,50.842784],[-0.131426,50.842775],[-0.131427,50.842766],[-0.131428,50.842757],[-0.131428,50.842748],[-0.131429,50.842739],[-0.13143,50.84273],[-0.13143,50.842721],[-0.131431,50.842712],[-0.131432,50.842703],[-0.131432,50.842694],[-0.131433,50.842685],[-0.131434,50.842676],[-0.131434,50.842667],[-0.131435,50.842658],[-0.131436,50.842649],[-0.131436,50.84264],[-0.131437,50.842631],[-0.131438,50.842622],[-0.131438,50.842613],[-0.131439,50.842604],[-0.13144,50.842595],[-0.131441,50.842585],[-0.131441,50.842576],[-0.131442,50.842567],[-0.131443,50.842558],[-0.131443,50.842549],[-0.131444,50.84254],[-0.131445,50.842531],[-0.131445,50.842522],[-0.131446,50.842513],[-0.131474,50.842514]]]},"properties":{"id":"permit-z14-4.13-46","type":"permit","zone":"14","red_route":false,"tariff":null,"pay_by_phone":null,"max_stay_mins":null,"no_return_mins":null,"schedule":[{"days":["mon","tue","wed","thu","fri","sat","sun"],"start":"08:00","end":"20:00"}],"days_raw":"Mon to Sun","times_raw":"8 am to 8 pm","max_stay_raw":null,"no_return_raw":null,"layer_raw":"TRO-16a-2025 Part 4.13 item 46","area_m2":236.0,"perimeter_m":240.0,"centroid":[-0.13142,50.843046],"source_objectid":null,"issues":null,"source":"traffic_order","source_text":"Hollingdean Terrace, W side: From a point 36.5 metres south of the southern kerbline of Hollingbury Crescent southwards for 118 metres","source_url":"https://tro.tpt.gov.uk/TRO/Brighton%20and%20Hove/912-CPZ-Amend-4-2026-TRO16a2025.pdf","price_band":null}},{"type":"Feature","id":"permit-z14-4.13-47","geometry":{"type":"Polygon","coordinates":[[[-0.131519,50.842022],[-0.131518,50.842031],[-0.131517,50.84204],[-0.131516,50.842049],[-0.131516,50.842058],[-0.131515,50.842067],[-0.131514,50.842076],[-0.131513,50.842085],[-0.131512,50.842094],[-0.131511,50.842103],[-0.13151,50.842112],[-0.131509,50.842121],[-0.131508,50.84213],[-0.131508,50.842139],[-0.131507,50.842148],[-0.131506,50.842157],[-0.131505,50.842166],[-0.131504,50.842175],[-0.131503,50.842184],[-0.131502,50.842193],[-0.131501,50.842202],[-0.1315,50.842211],[-0.1315,50.84222],[-0.131499,50.842229],[-0.131498,50.842238],[-0.131497,50.842248],[-0.131496,50.842257],[-0.131495,50.842266],[-0.131494,50.842275],[-0.131493,50.842284],[-0.131492,50.842293],[-0.131492,50.842302],[-0.131491,50.842311],[-0.13149,50.84232],[-0.131489,50.842329],[-0.131488,50.842338],[-0.131487,50.842347],[-0.131486,50.842356],[-0.131486,50.842364],[-0.131485,50.842373],[-0.131484,50.842382],[-0.131484,50.842391],[-0.131483,50.8424],[-0.131482,50.842409],[-0.131482,50.842419],[-0.131481,50.842428],[-0.13148,50.842437],[-0.131479,50.842446],[-0.131479,50.842455],[-0.131478,50.842464],[-0.131477,50.842473],[-0.131477,50.842482],[-0.131476,50.842491],[-0.131448,50.84249],[-0.131448,50.842481],[-0.131449,50.842472],[-0.13145,50.842463],[-0.13145,50.842454],[-0.131451,50.842445],[-0.131452,50.842436],[-0.131452,50.842427],[-0.131453,50.842418],[-0.131454,50.842409],[-0.131454,50.8424],[-0.131455,50.842391],[-0.131456,50.842382],[-0.131456,50.842372],[-0.131457,50.842364],[-0.131458,50.842355],[-0.131459,50.842346],[-0.13146,50.842337],[-0.131461,50.842328],[-0.131461,50.842319],[-0.131462,50.84231],[-0.131463,50.842301],[-0.131464,50.842292],[-0.131465,50.842282],[-0.131466,50.842273],[-0.131467,50.842264],[-0.131468,50.842255],[-0.131469,50.842246],[-0.131469,50.842237],[-0.13147,50.842228],[-0.131471,50.842219],[-0.131472,50.84221],[-0.131473,50.842201],[-0.131474,50.842192],[-0.131475,50.842183],[-0.131476,50.842174],[-0.131476,50.842165],[-0.131477,50.842156],[-0.131478,50.842147],[-0.131479,50.842138],[-0.13148,50.842129],[-0.131481,50.84212],[-0.131482,50.842111],[-0.131483,50.842102],[-0.131484,50.842093],[-0.131484,50.842084],[-0.131485,50.842075],[-0.131486,50.842066],[-0.131487,50.842057],[-0.131488,50.842048],[-0.131489,50.842039],[-0.13149,50.84203],[-0.131491,50.842021],[-0.131519,50.842022]]]},"properties":{"id":"permit-z14-4.13-47","type":"permit","zone":"14","red_route":false,"tariff":null,"pay_by_phone":null,"max_stay_mins":null,"no_return_mins":null,"schedule":[{"days":["mon","tue","wed","thu","fri","sat","sun"],"start":"08:00","end":"20:00"}],"days_raw":"Mon to Sun","times_raw":"8 am to 8 pm","max_stay_raw":null,"no_return_raw":null,"layer_raw":"TRO-16a-2025 Part 4.13 item 47","area_m2":103.9,"perimeter_m":107.9,"centroid":[-0.131482,50.842258],"source_objectid":null,"issues":null,"source":"traffic_order","source_text":"Hollingdean Terrace, W side: From a point 0.5 metres south of the northern building line of property No. 85 Hollingdean Terrace southwards for 52 metres","source_url":"https://tro.tpt.gov.uk/TRO/Brighton%20and%20Hove/912-CPZ-Amend-4-2026-TRO16a2025.pdf","price_band":null}},{"type":"Feature","id":"permit-z14-4.13-48","geometry":{"type":"Polygon","coordinates":[[[-0.131613,50.84096],[-0.131612,50.840969],[-0.131611,50.840978],[-0.131611,50.840987],[-0.13161,50.840996],[-0.131609,50.841005],[-0.131608,50.841014],[-0.131607,50.841023],[-0.131607,50.841032],[-0.131606,50.841041],[-0.131605,50.841049],[-0.131604,50.841058],[-0.131603,50.841067],[-0.131603,50.841076],[-0.131602,50.841085],[-0.131601,50.841094],[-0.1316,50.841103],[-0.131599,50.841112],[-0.131599,50.841121],[-0.131598,50.84113],[-0.131597,50.841139],[-0.131596,50.841148],[-0.131596,50.841157],[-0.131595,50.841166],[-0.131594,50.841175],[-0.131593,50.841184],[-0.131592,50.841193],[-0.131592,50.841202],[-0.131591,50.841211],[-0.13159,50.84122],[-0.131589,50.841229],[-0.131588,50.841238],[-0.131588,50.841246],[-0.131587,50.841255],[-0.131586,50.841264],[-0.131585,50.841273],[-0.131584,50.841282],[-0.131584,50.841291],[-0.131583,50.8413],[-0.131582,50.841309],[-0.131581,50.841318],[-0.131581,50.841327],[-0.13158,50.841336],[-0.131579,50.841345],[-0.131578,50.841354],[-0.131577,50.841363],[-0.131577,50.841372],[-0.131576,50.841381],[-0.131575,50.84139],[-0.131574,50.841399],[-0.131573,50.841408],[-0.131573,50.841417],[-0.131572,50.841426],[-0.131571,50.841435],[-0.13157,50.841443],[-0.131569,50.841452],[-0.131569,50.841461],[-0.131568,50.84147],[-0.131567,50.841479],[-0.131566,50.841488],[-0.131566,50.841497],[-0.131565,50.841506],[-0.131564,50.841515],[-0.131563,50.841524],[-0.131562,50.841533],[-0.131562,50.841542],[-0.131561,50.841551],[-0.13156,50.84156],[-0.131559,50.841569],[-0.131558,50.841578],[-0.131558,50.841587],[-0.131557,50.841596],[-0.131556,50.841605],[-0.131555,50.841614],[-0.131554,50.841623],[-0.131554,50.841632],[-0.131553,50.84164],[-0.131552,50.841649],[-0.131551,50.841658],[-0.131551,50.841667],[-0.13155,50.841676],[-0.131549,50.841685],[-0.131548,50.841694],[-0.131547,50.841703],[-0.131547,50.841712],[-0.131546,50.841721],[-0.131545,50.84173],[-0.131544,50.841739],[-0.131543,50.841748],[-0.131543,50.841757],[-0.131542,50.841766],[-0.131541,50.841775],[-0.13154,50.841784],[-0.131539,50.841793],[-0.131539,50.841802],[-0.131538,50.841811],[-0.131537,50.84182],[-0.131536,50.841829],[-0.131536,50.841837],[-0.131535,50.841846],[-0.131534,50.841855],[-0.131533,50.841864],[-0.131532,50.841873],[-0.131532,50.841882],[-0.131531,50.841891],[-0.13153,50.8419],[-0.131529,50.841909],[-0.131528,50.841918],[-0.131528,50.841927],[-0.131527,50.841936],[-0.131526,50.841945],[-0.131525,50.841954],[-0.131524,50.841963],[-0.131524,50.841972],[-0.131523,50.841981],[-0.131522,50.84199],[-0.131521,50.841999],[-0.131493,50.841998],[-0.131494,50.841989],[-0.131495,50.84198],[-0.131495,50.841971],[-0.131496,50.841962],[-0.131497,50.841953],[-0.131498,50.841944],[-0.131498,50.841935],[-0.131499,50.841926],[-0.1315,50.841917],[-0.131501,50.841908],[-0.131502,50.841899],[-0.131502,50.84189],[-0.131503,50.841881],[-0.131504,50.841872],[-0.131505,50.841863],[-0.131506,50.841854],[-0.131506,50.841845],[-0.131507,50.841836],[-0.131508,50.841827],[-0.131509,50.841819],[-0.13151,50.84181],[-0.13151,50.841801],[-0.131511,50.841792],[-0.131512,50.841783],[-0.131513,50.841774],[-0.131513,50.841765],[-0.131514,50.841756],[-0.131515,50.841747],[-0.131516,50.841738],[-0.131517,50.841729],[-0.131517,50.84172],[-0.131518,50.841711],[-0.131519,50.841702],[-0.13152,50.841693],[-0.131521,50.841684],[-0.131521,50.841675],[-0.131522,50.841666],[-0.131523,50.841657],[-0.131524,50.841648],[-0.131525,50.841639],[-0.131525,50.84163],[-0.131526,50.841622],[-0.131527,50.841613],[-0.131528,50.841604],[-0.131528,50.841595],[-0.131529,50.841586],[-0.13153,50.841577],[-0.131531,50.841568],[-0.131532,50.841559],[-0.131532,50.84155],[-0.131533,50.841541],[-0.131534,50.841532],[-0.131535,50.841523],[-0.131536,50.841514],[-0.131536,50.841505],[-0.131537,50.841496],[-0.131538,50.841487],[-0.131539,50.841478],[-0.13154,50.841469],[-0.13154,50.84146],[-0.131541,50.841451],[-0.131542,50.841442],[-0.131543,50.841434],[-0.131543,50.841425],[-0.131544,50.841416],[-0.131545,50.841407],[-0.131546,50.841398],[-0.131547,50.841389],[-0.131547,50.84138],[-0.131548,50.841371],[-0.131549,50.841362],[-0.13155,50.841353],[-0.131551,50.841344],[-0.131551,50.841335],[-0.131552,50.841326],[-0.131553,50.841317],[-0.131554,50.841308],[-0.131554,50.841299],[-0.131555,50.84129],[-0.131556,50.841281],[-0.131557,50.841272],[-0.131558,50.841263],[-0.131558,50.841254],[-0.131559,50.841245],[-0.13156,50.841237],[-0.131561,50.841228],[-0.131562,50.841219],[-0.131562,50.84121],[-0.131563,50.841201],[-0.131564,50.841192],[-0.131565,50.841183],[-0.131566,50.841174],[-0.131566,50.841165],[-0.131567,50.841156],[-0.131568,50.841147],[-0.131569,50.841138],[-0.131569,50.841129],[-0.13157,50.84112],[-0.131571,50.841111],[-0.131572,50.841102],[-0.131573,50.841093],[-0.131573,50.841084],[-0.131574,50.841075],[-0.131575,50.841066],[-0.131576,50.841057],[-0.131577,50.841048],[-0.131577,50.84104],[-0.131578,50.841031],[-0.131579,50.841022],[-0.13158,50.841013],[-0.131581,50.841004],[-0.131581,50.840995],[-0.131582,50.840986],[-0.131583,50.840977],[-0.131584,50.840968],[-0.131584,50.840959],[-0.131613,50.84096]]]},"properties":{"id":"permit-z14-4.13-48","type":"permit","zone":"14","red_route":false,"tariff":null,"pay_by_phone":null,"max_stay_mins":null,"no_return_mins":null,"schedule":[{"days":["mon","tue","wed","thu","fri","sat","sun"],"start":"08:00","end":"20:00"}],"days_raw":"Mon to Sun","times_raw":"8 am to 8 pm","max_stay_raw":null,"no_return_raw":null,"layer_raw":"TRO-16a-2025 Part 4.13 item 48","area_m2":230.0,"perimeter_m":234.0,"centroid":[-0.131553,50.841482],"source_objectid":null,"issues":null,"source":"traffic_order","source_text":"Hollingdean Terrace, W side: From a boundary between Nos. 25 & 27 Hollingdean Terrace northwards for 115 metres","source_url":"https://tro.tpt.gov.uk/TRO/Brighton%20and%20Hove/912-CPZ-Amend-4-2026-TRO16a2025.pdf","price_band":null}},{"type":"Feature","id":"permit-z14-4.13-49","geometry":{"type":"Polygon","coordinates":[[[-0.13094,50.840743],[-0.130953,50.840746],[-0.130966,50.840748],[-0.13098,50.840751],[-0.130993,50.840754],[-0.131006,50.840756],[-0.131019,50.840759],[-0.131032,50.840761],[-0.131045,50.840764],[-0.131058,50.840767],[-0.131071,50.840769],[-0.131085,50.840772],[-0.131098,50.840774],[-0.131111,50.840777],[-0.131124,50.84078],[-0.131137,50.840782],[-0.131129,50.840799],[-0.131116,50.840797],[-0.131102,50.840794],[-0.131089,50.840792],[-0.131076,50.840789],[-0.131063,50.840786],[-0.13105,50.840784],[-0.131037,50.840781],[-0.131024,50.840779],[-0.131011,50.840776],[-0.130997,50.840774],[-0.130984,50.840771],[-0.130971,50.840768],[-0.130958,50.840766],[-0.130945,50.840763],[-0.130932,50.840761],[-0.13094,50.840743]]]},"properties":{"id":"permit-z14-4.13-49","type":"permit","zone":"14","red_route":false,"tariff":null,"pay_by_phone":null,"max_stay_mins":null,"no_return_mins":null,"schedule":[{"days":["mon","tue","wed","thu","fri","sat","sun"],"start":"08:00","end":"20:00"}],"days_raw":"Mon to Sun","times_raw":"8 am to 8 pm","max_stay_raw":null,"no_return_raw":null,"layer_raw":"TRO-16a-2025 Part 4.13 item 49","area_m2":29.0,"perimeter_m":33.0,"centroid":[-0.131034,50.840773],"source_objectid":null,"issues":null,"source":"traffic_order","source_text":"Hollingdean Terrace, S side: From a point 10.5 metres west of the western kerbline of Roedale Road westwards for 14.5 metres","source_url":"https://tro.tpt.gov.uk/TRO/Brighton%20and%20Hove/912-CPZ-Amend-4-2026-TRO16a2025.pdf","price_band":null}},{"type":"Feature","id":"permit-z14-4.13-50","geometry":{"type":"Polygon","coordinates":[[[-0.131225,50.8408],[-0.131239,50.840802],[-0.131253,50.840805],[-0.131266,50.840808],[-0.13128,50.84081],[-0.131292,50.840813],[-0.131304,50.840815],[-0.131316,50.840817],[-0.131329,50.840818],[-0.131343,50.84082],[-0.131337,50.840838],[-0.131323,50.840836],[-0.13131,50.840834],[-0.131297,50.840832],[-0.131284,50.84083],[-0.131271,50.840828],[-0.131258,50.840825],[-0.131244,50.840822],[-0.131231,50.84082],[-0.131217,50.840817],[-0.131225,50.8408]]]},"properties":{"id":"permit-z14-4.13-50","type":"permit","zone":"14","red_route":false,"tariff":null,"pay_by_phone":null,"max_stay_mins":null,"no_return_mins":null,"schedule":[{"days":["mon","tue","wed","thu","fri","sat","sun"],"start":"08:00","end":"20:00"}],"days_raw":"Mon to Sun","times_raw":"8 am to 8 pm","max_stay_raw":null,"no_return_raw":null,"layer_raw":"TRO-16a-2025 Part 4.13 item 50","area_m2":17.3,"perimeter_m":21.3,"centroid":[-0.13128,50.840822],"source_objectid":null,"issues":null,"source":"traffic_order","source_text":"Hollingdean Terrace, S side: From a point 31.5 metres west of the western kerbline of Roedale Road westwards for 9 metres","source_url":"https://tro.tpt.gov.uk/TRO/Brighton%20and%20Hove/912-CPZ-Amend-4-2026-TRO16a2025.pdf","price_band":null}},{"type":"Feature","id":"permit-z14-4.13-51","geometry":{"type":"Polygon","coordinates":[[[-0.131406,50.840829],[-0.131419,50.840831],[-0.131431,50.840833],[-0.131444,50.840834],[-0.131456,50.840836],[-0.131469,50.840837],[-0.131463,50.840855],[-0.13145,50.840854],[-0.131438,50.840852],[-0.131425,50.84085],[-0.131413,50.840849],[-0.1314,50.840847],[-0.131406,50.840829]]]},"properties":{"id":"permit-z14-4.13-51","type":"permit","zone":"14","red_route":false,"tariff":null,"pay_by_phone":null,"max_stay_mins":null,"no_return_mins":null,"schedule":[{"days":["mon","tue","wed","thu","fri","sat","sun"],"start":"08:00","end":"20:00"}],"days_raw":"Mon to Sun","times_raw":"8 am to 8 pm","max_stay_raw":null,"no_return_raw":null,"layer_raw":"TRO-16a-2025 Part 4.13 item 51","area_m2":9.0,"perimeter_m":13.0,"centroid":[-0.131434,50.840842],"source_objectid":null,"issues":null,"source":"traffic_order","source_text":"Hollingdean Terrace, S side: From a point 8 metres east of the western kerbline of Hollingdean Terrace eastwards for 4.5 metres","source_url":"https://tro.tpt.gov.uk/TRO/Brighton%20and%20Hove/912-CPZ-Amend-4-2026-TRO16a2025.pdf","price_band":null}},{"type":"Feature","id":"permit-z14-4.13-52","geometry":{"type":"Polygon","coordinates":[[[-0.128159,50.84309],[-0.128154,50.843099],[-0.128149,50.843107],[-0.128144,50.843116],[-0.128139,50.843124],[-0.128133,50.843133],[-0.128128,50.843141],[-0.128123,50.84315],[-0.128117,50.843158],[-0.128112,50.843166],[-0.128106,50.843175],[-0.128101,50.843183],[-0.128095,50.843192],[-0.128089,50.843201],[-0.128082,50.843209],[-0.128075,50.843217],[-0.128068,50.843225],[-0.128061,50.843233],[-0.128054,50.843241],[-0.128046,50.843249],[-0.128039,50.843257],[-0.128032,50.843265],[-0.128024,50.843273],[-0.128016,50.843281],[-0.128006,50.843288],[-0.127996,50.843296],[-0.127986,50.843303],[-0.127976,50.84331],[-0.127965,50.843317],[-0.127953,50.843323],[-0.127935,50.843309],[-0.127946,50.843303],[-0.127956,50.843297],[-0.127965,50.843291],[-0.127975,50.843284],[-0.127984,50.843277],[-0.127993,50.84327],[-0.128,50.843263],[-0.128007,50.843255],[-0.128015,50.843247],[-0.128022,50.84324],[-0.128029,50.843232],[-0.128036,50.843224],[-0.128043,50.843216],[-0.12805,50.843208],[-0.128057,50.8432],[-0.128063,50.843193],[-0.128069,50.843185],[-0.128075,50.843176],[-0.12808,50.843168],[-0.128085,50.84316],[-0.128091,50.843151],[-0.128096,50.843143],[-0.128102,50.843135],[-0.128107,50.843126],[-0.128112,50.843118],[-0.128117,50.843109],[-0.128122,50.843101],[-0.128127,50.843092],[-0.128132,50.843084],[-0.128159,50.84309]]]},"properties":{"id":"permit-z14-4.13-52","type":"permit","zone":"14","red_route":false,"tariff":null,"pay_by_phone":null,"max_stay_mins":null,"no_return_mins":null,"schedule":[{"days":["mon","tue","wed","thu","fri","sat","sun"],"start":"08:00","end":"20:00"}],"days_raw":"Mon to Sun","times_raw":"8 am to 8 pm","max_stay_raw":null,"no_return_raw":null,"layer_raw":"TRO-16a-2025 Part 4.13 item 52","area_m2":58.5,"perimeter_m":62.5,"centroid":[-0.128059,50.84321],"source_objectid":null,"issues":null,"source":"traffic_order","source_text":"Horton Road, W side: From a point 13 metres south of the western kerbline of The Crossway southwards for 29 metres","source_url":"https://tro.tpt.gov.uk/TRO/Brighton%20and%20Hove/912-CPZ-Amend-4-2026-TRO16a2025.pdf","price_band":null}},{"type":"Feature","id":"permit-z14-4.13-53","geometry":{"type":"Polygon","coordinates":[[[-0.12827,50.842939],[-0.128265,50.842947],[-0.12826,50.842955],[-0.128255,50.842964],[-0.12825,50.842972],[-0.128244,50.842981],[-0.128239,50.842989],[-0.128234,50.842998],[-0.128228,50.843006],[-0.128223,50.843015],[-0.128218,50.843023],[-0.128213,50.843031],[-0.128208,50.843039],[-0.128203,50.843048],[-0.128198,50.843056],[-0.128193,50.843065],[-0.128166,50.843058],[-0.128171,50.84305],[-0.128176,50.843041],[-0.128181,50.843033],[-0.128186,50.843024],[-0.128191,50.843016],[-0.128197,50.843008],[-0.128202,50.842999],[-0.128207,50.842991],[-0.128213,50.842983],[-0.128218,50.842974],[-0.128223,50.842966],[-0.128229,50.842957],[-0.128234,50.842949],[-0.128239,50.84294],[-0.128244,50.842932],[-0.12827,50.842939]]]},"properties":{"id":"permit-z14-4.13-53","type":"permit","zone":"14","red_route":false,"tariff":null,"pay_by_phone":null,"max_stay_mins":null,"no_return_mins":null,"schedule":[{"days":["mon","tue","wed","thu","fri","sat","sun"],"start":"08:00","end":"20:00"}],"days_raw":"Mon to Sun","times_raw":"8 am to 8 pm","max_stay_raw":null,"no_return_raw":null,"layer_raw":"TRO-16a-2025 Part 4.13 item 53","area_m2":30.0,"perimeter_m":34.0,"centroid":[-0.128218,50.843003],"source_objectid":null,"issues":null,"source":"traffic_order","source_text":"Horton Road, W side: From a point 45.5 metres south of the western kerbline of The Crossway southwards for 15 metres","source_url":"https://tro.tpt.gov.uk/TRO/Brighton%20and%20Hove/912-CPZ-Amend-4-2026-TRO16a2025.pdf","price_band":null}},{"type":"Feature","id":"permit-z14-4.13-54","geometry":{"type":"Polygon","coordinates":[[[-0.128591,50.842159],[-0.128589,50.842168],[-0.128587,50.842177],[-0.128585,50.842186],[-0.128583,50.842195],[-0.12858,50.842204],[-0.128578,50.842213],[-0.128576,50.842222],[-0.128573,50.842231],[-0.128571,50.84224],[-0.128568,50.842249],[-0.128566,50.842258],[-0.128564,50.842267],[-0.128561,50.842276],[-0.128558,50.842285],[-0.128556,50.842294],[-0.128553,50.842303],[-0.12855,50.842311],[-0.128548,50.84232],[-0.128545,50.842329],[-0.128543,50.842338],[-0.12854,50.842347],[-0.128512,50.842344],[-0.128515,50.842335],[-0.128517,50.842326],[-0.12852,50.842317],[-0.128523,50.842308],[-0.128525,50.842299],[-0.128528,50.84229],[-0.128531,50.842281],[-0.128533,50.842272],[-0.128536,50.842264],[-0.128538,50.842255],[-0.12854,50.842246],[-0.128543,50.842237],[-0.128545,50.842228],[-0.128548,50.842219],[-0.12855,50.84221],[-0.128552,50.842201],[-0.128555,50.842192],[-0.128557,50.842183],[-0.128559,50.842174],[-0.128561,50.842165],[-0.128563,50.842156],[-0.128591,50.842159]]]},"properties":{"id":"permit-z14-4.13-54","type":"permit","zone":"14","red_route":false,"tariff":null,"pay_by_phone":null,"max_stay_mins":null,"no_return_mins":null,"schedule":[{"days":["mon","tue","wed","thu","fri","sat","sun"],"start":"08:00","end":"20:00"}],"days_raw":"Mon to Sun","times_raw":"8 am to 8 pm","max_stay_raw":null,"no_return_raw":null,"layer_raw":"TRO-16a-2025 Part 4.13 item 54","area_m2":42.1,"perimeter_m":46.1,"centroid":[-0.128553,50.84225],"source_objectid":null,"issues":null,"source":"traffic_order","source_text":"Horton Road, W side: From a point 3 metres north of the prolongation of the southern building line of No.46 Horton Road northwards for 21 metres","source_url":"https://tro.tpt.gov.uk/TRO/Brighton%20and%20Hove/912-CPZ-Amend-4-2026-TRO16a2025.pdf","price_band":null}},{"type":"Feature","id":"permit-z14-4.13-55","geometry":{"type":"Polygon","coordinates":[[[-0.128668,50.841767],[-0.128666,50.841776],[-0.128665,50.841785],[-0.128664,50.841794],[-0.128663,50.841803],[-0.128662,50.841811],[-0.12866,50.84182],[-0.128659,50.841829],[-0.128658,50.841838],[-0.128656,50.841847],[-0.128655,50.841856],[-0.128654,50.841865],[-0.128653,50.841873],[-0.128651,50.841882],[-0.12865,50.841891],[-0.128649,50.8419],[-0.128647,50.841909],[-0.128646,50.841918],[-0.128645,50.841927],[-0.128643,50.841936],[-0.128641,50.841945],[-0.128639,50.841954],[-0.128637,50.841963],[-0.128635,50.841972],[-0.128633,50.841981],[-0.128631,50.841989],[-0.128629,50.841998],[-0.128627,50.842007],[-0.128625,50.842016],[-0.128623,50.842025],[-0.128595,50.842022],[-0.128597,50.842013],[-0.128599,50.842004],[-0.128601,50.841996],[-0.128603,50.841987],[-0.128605,50.841978],[-0.128607,50.841969],[-0.128609,50.84196],[-0.128611,50.841952],[-0.128613,50.841943],[-0.128615,50.841934],[-0.128616,50.841925],[-0.128618,50.841916],[-0.128619,50.841907],[-0.12862,50.841898],[-0.128622,50.841889],[-0.128623,50.841881],[-0.128624,50.841872],[-0.128625,50.841863],[-0.128627,50.841854],[-0.128628,50.841845],[-0.128629,50.841836],[-0.128631,50.841827],[-0.128632,50.841819],[-0.128633,50.84181],[-0.128635,50.841801],[-0.128636,50.841792],[-0.128637,50.841783],[-0.128638,50.841774],[-0.128639,50.841765],[-0.128668,50.841767]]]},"properties":{"id":"permit-z14-4.13-55","type":"permit","zone":"14","red_route":false,"tariff":null,"pay_by_phone":null,"max_stay_mins":null,"no_return_mins":null,"schedule":[{"days":["mon","tue","wed","thu","fri","sat","sun"],"start":"08:00","end":"20:00"}],"days_raw":"Mon to Sun","times_raw":"8 am to 8 pm","max_stay_raw":null,"no_return_raw":null,"layer_raw":"TRO-16a-2025 Part 4.13 item 55","area_m2":57.2,"perimeter_m":61.2,"centroid":[-0.128634,50.841895],"source_objectid":null,"issues":null,"source":"traffic_order","source_text":"Horton Road, W side: From a point 12 metres south of the prolongation of the southern building line of No.46 Horton Road southwards for 28.5 metres","source_url":"https://tro.tpt.gov.uk/TRO/Brighton%20and%20Hove/912-CPZ-Amend-4-2026-TRO16a2025.pdf","price_band":null}},{"type":"Feature","id":"permit-z14-4.13-56","geometry":{"type":"Polygon","coordinates":[[[-0.12868,50.84167],[-0.128679,50.841679],[-0.128678,50.841688],[-0.128677,50.841697],[-0.128676,50.841706],[-0.128674,50.841715],[-0.128673,50.841724],[-0.128645,50.841723],[-0.128646,50.841714],[-0.128647,50.841705],[-0.128648,50.841696],[-0.12865,50.841687],[-0.128651,50.841678],[-0.128652,50.841669],[-0.12868,50.84167]]]},"properties":{"id":"permit-z14-4.13-56","type":"permit","zone":"14","red_route":false,"tariff":null,"pay_by_phone":null,"max_stay_mins":null,"no_return_mins":null,"schedule":[{"days":["mon","tue","wed","thu","fri","sat","sun"],"start":"08:00","end":"20:00"}],"days_raw":"Mon to Sun","times_raw":"8 am to 8 pm","max_stay_raw":null,"no_return_raw":null,"layer_raw":"TRO-16a-2025 Part 4.13 item 56","area_m2":12.0,"perimeter_m":16.0,"centroid":[-0.128663,50.841708],"source_objectid":null,"issues":null,"source":"traffic_order","source_text":"Horton Road, W side: From a point 9.5 metres south of the prolongation of the southern building line of No.38 Horton Road southwards for 6 metres","source_url":"https://tro.tpt.gov.uk/TRO/Brighton%20and%20Hove/912-CPZ-Amend-4-2026-TRO16a2025.pdf","price_band":null}},{"type":"Feature","id":"permit-z14-4.13-57","geometry":{"type":"Polygon","coordinates":[[[-0.128714,50.841417],[-0.128713,50.841426],[-0.128712,50.841435],[-0.128711,50.841444],[-0.128709,50.841453],[-0.128708,50.841462],[-0.128707,50.841471],[-0.128679,50.84147],[-0.12868,50.841461],[-0.128681,50.841452],[-0.128682,50.841443],[-0.128684,50.841434],[-0.128685,50.841425],[-0.128686,50.841416],[-0.128714,50.841417]]]},"properties":{"id":"permit-z14-4.13-57","type":"permit","zone":"14","red_route":false,"tariff":null,"pay_by_phone":null,"max_stay_mins":null,"no_return_mins":null,"schedule":[{"days":["mon","tue","wed","thu","fri","sat","sun"],"start":"08:00","end":"20:00"}],"days_raw":"Mon to Sun","times_raw":"8 am to 8 pm","max_stay_raw":null,"no_return_raw":null,"layer_raw":"TRO-16a-2025 Part 4.13 item 57","area_m2":12.0,"perimeter_m":16.0,"centroid":[-0.128696,50.841434],"source_objectid":null,"issues":null,"source":"traffic_order","source_text":"Horton Road, W side: From a point 1 meter south of the prolongation of the boundary between Nos.32 & 34 Horton Road northwards for 6 metres","source_url":"https://tro.tpt.gov.uk/TRO/Brighton%20and%20Hove/912-CPZ-Amend-4-2026-TRO16a2025.pdf","price_band":null}},{"type":"Feature","id":"permit-z14-4.13-58","geometry":{"type":"Polygon","coordinates":[[[-0.128743,50.841206],[-0.128741,50.841214],[-0.12874,50.841223],[-0.128739,50.841232],[-0.128738,50.841241],[-0.128736,50.841249],[-0.128735,50.841258],[-0.128734,50.841267],[-0.128733,50.841276],[-0.128732,50.841285],[-0.128731,50.841293],[-0.12873,50.841302],[-0.128728,50.841311],[-0.128727,50.84132],[-0.128726,50.841329],[-0.128725,50.841337],[-0.128724,50.841346],[-0.128723,50.841355],[-0.128721,50.841364],[-0.12872,50.841373],[-0.128719,50.841381],[-0.128718,50.84139],[-0.12869,50.841389],[-0.128691,50.84138],[-0.128692,50.841371],[-0.128693,50.841362],[-0.128694,50.841353],[-0.128695,50.841345],[-0.128697,50.841336],[-0.128698,50.841327],[-0.128699,50.841318],[-0.1287,50.841309],[-0.128701,50.841301],[-0.128702,50.841292],[-0.128704,50.841283],[-0.128705,50.841274],[-0.128706,50.841265],[-0.128707,50.841257],[-0.128708,50.841248],[-0.128709,50.841239],[-0.12871,50.84123],[-0.128712,50.841222],[-0.128713,50.841213],[-0.128714,50.841204],[-0.128743,50.841206]]]},"properties":{"id":"permit-z14-4.13-58","type":"permit","zone":"14","red_route":false,"tariff":null,"pay_by_phone":null,"max_stay_mins":null,"no_return_mins":null,"schedule":[{"days":["mon","tue","wed","thu","fri","sat","sun"],"start":"08:00","end":"20:00"}],"days_raw":"Mon to Sun","times_raw":"8 am to 8 pm","max_stay_raw":null,"no_return_raw":null,"layer_raw":"TRO-16a-2025 Part 4.13 item 58","area_m2":41.0,"perimeter_m":45.0,"centroid":[-0.128716,50.841297],"source_objectid":null,"issues":null,"source":"traffic_order","source_text":"Horton Road, W side: From a point 4 metres south of the prolongation of the boundary between Nos.32 & 34 Horton Road southwards for 20.5 metres","source_url":"https://tro.tpt.gov.uk/TRO/Brighton%20and%20Hove/912-CPZ-Amend-4-2026-TRO16a2025.pdf","price_band":null}},{"type":"Feature","id":"permit-z14-4.13-59","geometry":{"type":"Polygon","coordinates":[[[-0.12883,50.840554],[-0.128829,50.840563],[-0.128829,50.840572],[-0.128828,50.840581],[-0.128827,50.84059],[-0.128826,50.840599],[-0.128825,50.840608],[-0.128824,50.840617],[-0.128823,50.840626],[-0.128823,50.840635],[-0.128822,50.840644],[-0.128821,50.840653],[-0.12882,50.840663],[-0.128819,50.840672],[-0.128817,50.840681],[-0.128816,50.84069],[-0.128815,50.840699],[-0.128814,50.840708],[-0.128812,50.840717],[-0.128811,50.840726],[-0.12881,50.840735],[-0.128782,50.840734],[-0.128783,50.840725],[-0.128784,50.840716],[-0.128785,50.840707],[-0.128787,50.840697],[-0.128788,50.840688],[-0.128789,50.840679],[-0.12879,50.84067],[-0.128792,50.840661],[-0.128792,50.840652],[-0.128793,50.840643],[-0.128794,50.840634],[-0.128795,50.840625],[-0.128796,50.840616],[-0.128797,50.840607],[-0.128798,50.840598],[-0.128798,50.840589],[-0.128799,50.84058],[-0.1288,50.840571],[-0.128801,50.840562],[-0.128802,50.840553],[-0.12883,50.840554]]]},"properties":{"id":"permit-z14-4.13-59","type":"permit","zone":"14","red_route":false,"tariff":null,"pay_by_phone":null,"max_stay_mins":null,"no_return_mins":null,"schedule":[{"days":["mon","tue","wed","thu","fri","sat","sun"],"start":"08:00","end":"20:00"}],"days_raw":"Mon to Sun","times_raw":"8 am to 8 pm","max_stay_raw":null,"no_return_raw":null,"layer_raw":"TRO-16a-2025 Part 4.13 item 59","area_m2":40.1,"perimeter_m":44.1,"centroid":[-0.128807,50.840644],"source_objectid":null,"issues":null,"source":"traffic_order","source_text":"Horton Road, W side: From a point 1.5 metres north of the prolongation of the northern building line of No.18 Horton Road southwards for 20 metres","source_url":"https://tro.tpt.gov.uk/TRO/Brighton%20and%20Hove/912-CPZ-Amend-4-2026-TRO16a2025.pdf","price_band":null}},{"type":"Feature","id":"permit-z14-4.13-60","geometry":{"type":"Polygon","coordinates":[[[-0.128652,50.840137],[-0.12866,50.840144],[-0.128668,50.840152],[-0.128675,50.84016],[-0.128682,50.840168],[-0.12869,50.840175],[-0.128697,50.840183],[-0.128704,50.840191],[-0.128711,50.840198],[-0.128719,50.840206],[-0.128727,50.840214],[-0.128733,50.840223],[-0.12874,50.840231],[-0.128746,50.840239],[-0.128752,50.840247],[-0.128758,50.840255],[-0.128765,50.840264],[-0.128771,50.840273],[-0.128776,50.840282],[-0.128781,50.840291],[-0.128785,50.840299],[-0.12879,50.840308],[-0.128794,50.840316],[-0.128799,50.840325],[-0.128804,50.840334],[-0.128807,50.840344],[-0.128811,50.840353],[-0.128783,50.840357],[-0.12878,50.840348],[-0.128776,50.840339],[-0.128772,50.840331],[-0.128767,50.840322],[-0.128763,50.840314],[-0.128758,50.840305],[-0.128754,50.840297],[-0.128749,50.840288],[-0.128745,50.84028],[-0.128739,50.840271],[-0.128732,50.840263],[-0.128726,50.840255],[-0.12872,50.840247],[-0.128714,50.840239],[-0.128708,50.840231],[-0.128702,50.840223],[-0.128694,50.840215],[-0.128687,50.840208],[-0.12868,50.8402],[-0.128673,50.840192],[-0.128665,50.840185],[-0.128658,50.840177],[-0.128651,50.84017],[-0.128643,50.840162],[-0.128636,50.840154],[-0.128628,50.840147],[-0.128652,50.840137]]]},"properties":{"id":"permit-z14-4.13-60","type":"permit","zone":"14","red_route":false,"tariff":null,"pay_by_phone":null,"max_stay_mins":null,"no_return_mins":null,"schedule":[{"days":["mon","tue","wed","thu","fri","sat","sun"],"start":"08:00","end":"20:00"}],"days_raw":"Mon to Sun","times_raw":"8 am to 8 pm","max_stay_raw":null,"no_return_raw":null,"layer_raw":"TRO-16a-2025 Part 4.13 item 60","area_m2":52.3,"perimeter_m":56.3,"centroid":[-0.128729,50.840243],"source_objectid":null,"issues":null,"source":"traffic_order","source_text":"Horton Road, W side: From a point 1 metre north of the prolongation of the southern building line of No.5 Horton Road northwards for 25.5 metres","source_url":"https://tro.tpt.gov.uk/TRO/Brighton%20and%20Hove/912-CPZ-Amend-4-2026-TRO16a2025.pdf","price_band":null}},{"type":"Feature","id":"permit-z14-4.13-61","geometry":{"type":"Polygon","coordinates":[[[-0.128087,50.840749],[-0.128073,50.840747],[-0.12806,50.840745],[-0.128046,50.840743],[-0.128032,50.840741],[-0.128018,50.840739],[-0.128004,50.840737],[-0.12799,50.840735],[-0.127976,50.840734],[-0.127962,50.840732],[-0.127948,50.84073],[-0.127962,50.840687],[-0.127976,50.840689],[-0.12799,50.840691],[-0.128004,50.840693],[-0.128018,50.840695],[-0.128032,50.840697],[-0.128046,50.840699],[-0.12806,50.8407],[-0.128074,50.840702],[-0.128088,50.840704],[-0.128101,50.840706],[-0.128087,50.840749]]]},"properties":{"id":"permit-z14-4.13-61","type":"permit","zone":"14","red_route":false,"tariff":null,"pay_by_phone":null,"max_stay_mins":null,"no_return_mins":null,"schedule":[{"days":["mon","tue","wed","thu","fri","sat","sun"],"start":"08:00","end":"20:00"}],"days_raw":"Mon to Sun","times_raw":"8 am to 8 pm","max_stay_raw":null,"no_return_raw":null,"layer_raw":"TRO-16a-2025 Part 4.13 item 61","area_m2":48.0,"perimeter_m":29.6,"centroid":[-0.128025,50.840724],"source_objectid":null,"issues":null,"source":"traffic_order","source_text":"Major Close, E side: From a point 4 metres north of the boundary between property Nos.2 & 3 Major Close southwards for 10 metres (4 echelon bays at 90 degrees to the kerb)","source_url":"https://tro.tpt.gov.uk/TRO/Brighton%20and%20Hove/912-CPZ-Amend-4-2026-TRO16a2025.pdf","price_band":null}},{"type":"Feature","id":"permit-z14-4.13-62","geometry":{"type":"Polygon","coordinates":[[[-0.130701,50.84173],[-0.1307,50.841739],[-0.1307,50.841748],[-0.130699,50.841757],[-0.130698,50.841766],[-0.130697,50.841775],[-0.130697,50.841784],[-0.130696,50.841793],[-0.130695,50.841802],[-0.130694,50.841811],[-0.130694,50.84182],[-0.130693,50.841829],[-0.130692,50.841837],[-0.130691,50.841846],[-0.130691,50.841855],[-0.13069,50.841864],[-0.130689,50.841873],[-0.130688,50.841882],[-0.130687,50.841891],[-0.130687,50.8419],[-0.130686,50.841909],[-0.130685,50.841918],[-0.130684,50.841927],[-0.130684,50.841936],[-0.130683,50.841945],[-0.130682,50.841954],[-0.130681,50.841963],[-0.130681,50.841972],[-0.13068,50.841981],[-0.130679,50.84199],[-0.130678,50.841999],[-0.130678,50.842008],[-0.130677,50.842017],[-0.130676,50.842025],[-0.130675,50.842034],[-0.130674,50.842043],[-0.130674,50.842052],[-0.130673,50.842061],[-0.130672,50.84207],[-0.130671,50.842079],[-0.130671,50.842088],[-0.13067,50.842097],[-0.130669,50.842106],[-0.130668,50.842115],[-0.130668,50.842124],[-0.130667,50.842133],[-0.130666,50.842142],[-0.130665,50.842151],[-0.130664,50.84216],[-0.130664,50.842169],[-0.130663,50.842178],[-0.130662,50.842187],[-0.130661,50.842196],[-0.130661,50.842205],[-0.13066,50.842213],[-0.130659,50.842222],[-0.130658,50.842231],[-0.13063,50.84223],[-0.130631,50.842221],[-0.130631,50.842212],[-0.130632,50.842204],[-0.130633,50.842195],[-0.130634,50.842186],[-0.130635,50.842177],[-0.130635,50.842168],[-0.130636,50.842159],[-0.130637,50.84215],[-0.130638,50.842141],[-0.130638,50.842132],[-0.130639,50.842123],[-0.13064,50.842114],[-0.130641,50.842105],[-0.130641,50.842096],[-0.130642,50.842087],[-0.130643,50.842078],[-0.130644,50.842069],[-0.130645,50.84206],[-0.130645,50.842051],[-0.130646,50.842042],[-0.130647,50.842033],[-0.130648,50.842024],[-0.130648,50.842016],[-0.130649,50.842007],[-0.13065,50.841998],[-0.130651,50.841989],[-0.130651,50.84198],[-0.130652,50.841971],[-0.130653,50.841962],[-0.130654,50.841953],[-0.130654,50.841944],[-0.130655,50.841935],[-0.130656,50.841926],[-0.130657,50.841917],[-0.130658,50.841908],[-0.130658,50.841899],[-0.130659,50.84189],[-0.13066,50.841881],[-0.130661,50.841872],[-0.130661,50.841863],[-0.130662,50.841854],[-0.130663,50.841845],[-0.130664,50.841836],[-0.130664,50.841828],[-0.130665,50.841819],[-0.130666,50.84181],[-0.130667,50.841801],[-0.130667,50.841792],[-0.130668,50.841783],[-0.130669,50.841774],[-0.13067,50.841765],[-0.130671,50.841756],[-0.130671,50.841747],[-0.130672,50.841738],[-0.130673,50.841729],[-0.130701,50.84173]]]},"properties":{"id":"permit-z14-4.13-62","type":"permit","zone":"14","red_route":false,"tariff":null,"pay_by_phone":null,"max_stay_mins":null,"no_return_mins":null,"schedule":[{"days":["mon","tue","wed","thu","fri","sat","sun"],"start":"08:00","end":"20:00"}],"days_raw":"Mon to Sun","times_raw":"8 am to 8 pm","max_stay_raw":null,"no_return_raw":null,"layer_raw":"TRO-16a-2025 Part 4.13 item 62","area_m2":111.0,"perimeter_m":115.0,"centroid":[-0.130666,50.841981],"source_objectid":null,"issues":null,"source":"traffic_order","source_text":"Roedale Road, W side: From a point 5 metres south of the southern kerbline of Hollingdean Street southwards for 55.5 metres","source_url":"https://tro.tpt.gov.uk/TRO/Brighton%20and%20Hove/912-CPZ-Amend-4-2026-TRO16a2025.pdf","price_band":null}},{"type":"Feature","id":"permit-z14-4.13-63","geometry":{"type":"Polygon","coordinates":[[[-0.130774,50.840866],[-0.130773,50.840875],[-0.130773,50.840884],[-0.130772,50.840893],[-0.130771,50.840902],[-0.13077,50.840911],[-0.13077,50.84092],[-0.130769,50.840929],[-0.130768,50.840937],[-0.130767,50.840946],[-0.130767,50.840955],[-0.130766,50.840964],[-0.130765,50.840973],[-0.130764,50.840982],[-0.130763,50.840991],[-0.130763,50.841],[-0.130762,50.841009],[-0.130761,50.841018],[-0.13076,50.841027],[-0.13076,50.841036],[-0.130759,50.841045],[-0.130758,50.841054],[-0.130757,50.841063],[-0.130757,50.841072],[-0.130756,50.841081],[-0.130755,50.84109],[-0.130754,50.841099],[-0.130753,50.841108],[-0.130753,50.841117],[-0.130752,50.841126],[-0.130751,50.841135],[-0.13075,50.841144],[-0.13075,50.841153],[-0.130749,50.841162],[-0.130748,50.841171],[-0.130747,50.84118],[-0.130747,50.841189],[-0.130746,50.841198],[-0.130745,50.841207],[-0.130744,50.841215],[-0.130743,50.841224],[-0.130743,50.841233],[-0.130742,50.841242],[-0.130741,50.841251],[-0.13074,50.84126],[-0.13074,50.841269],[-0.130739,50.841278],[-0.130738,50.841287],[-0.130737,50.841296],[-0.130737,50.841305],[-0.130736,50.841314],[-0.130735,50.841323],[-0.130734,50.841332],[-0.130734,50.841341],[-0.130733,50.84135],[-0.130732,50.841359],[-0.130731,50.841368],[-0.13073,50.841377],[-0.13073,50.841386],[-0.130729,50.841395],[-0.130728,50.841404],[-0.130727,50.841413],[-0.130727,50.841422],[-0.130726,50.841431],[-0.130725,50.84144],[-0.130724,50.841449],[-0.130724,50.841458],[-0.130723,50.841467],[-0.130722,50.841476],[-0.130721,50.841485],[-0.130693,50.841484],[-0.130694,50.841475],[-0.130694,50.841466],[-0.130695,50.841457],[-0.130696,50.841448],[-0.130697,50.841439],[-0.130697,50.84143],[-0.130698,50.841421],[-0.130699,50.841412],[-0.1307,50.841403],[-0.130701,50.841394],[-0.130701,50.841385],[-0.130702,50.841376],[-0.130703,50.841367],[-0.130704,50.841358],[-0.130704,50.841349],[-0.130705,50.84134],[-0.130706,50.841331],[-0.130707,50.841322],[-0.130707,50.841313],[-0.130708,50.841304],[-0.130709,50.841295],[-0.13071,50.841286],[-0.13071,50.841277],[-0.130711,50.841268],[-0.130712,50.841259],[-0.130713,50.84125],[-0.130714,50.841241],[-0.130714,50.841232],[-0.130715,50.841223],[-0.130716,50.841215],[-0.130717,50.841206],[-0.130717,50.841197],[-0.130718,50.841188],[-0.130719,50.841179],[-0.13072,50.84117],[-0.13072,50.841161],[-0.130721,50.841152],[-0.130722,50.841143],[-0.130723,50.841134],[-0.130724,50.841125],[-0.130724,50.841116],[-0.130725,50.841107],[-0.130726,50.841098],[-0.130727,50.841089],[-0.130727,50.84108],[-0.130728,50.841071],[-0.130729,50.841062],[-0.13073,50.841053],[-0.13073,50.841044],[-0.130731,50.841035],[-0.130732,50.841026],[-0.130733,50.841017],[-0.130733,50.841008],[-0.130734,50.840999],[-0.130735,50.84099],[-0.130736,50.840981],[-0.130737,50.840972],[-0.130737,50.840963],[-0.130738,50.840954],[-0.130739,50.840945],[-0.13074,50.840937],[-0.13074,50.840928],[-0.130741,50.840919],[-0.130742,50.84091],[-0.130743,50.840901],[-0.130743,50.840892],[-0.130744,50.840883],[-0.130745,50.840874],[-0.130746,50.840865],[-0.130774,50.840866]]]},"properties":{"id":"permit-z14-4.13-63","type":"permit","zone":"14","red_route":false,"tariff":null,"pay_by_phone":null,"max_stay_mins":null,"no_return_mins":null,"schedule":[{"days":["mon","tue","wed","thu","fri","sat","sun"],"start":"08:00","end":"20:00"}],"days_raw":"Mon to Sun","times_raw":"8 am to 8 pm","max_stay_raw":null,"no_return_raw":null,"layer_raw":"TRO-16a-2025 Part 4.13 item 63","area_m2":137.0,"perimeter_m":141.0,"centroid":[-0.130733,50.841174],"source_objectid":null,"issues":null,"source":"traffic_order","source_text":"Roedale Road, W side: From a point of 10 metres north of the northern kerbline of Hollingdean Terrace northwards for 68.5 metres","source_url":"https://tro.tpt.gov.uk/TRO/Brighton%20and%20Hove/912-CPZ-Amend-4-2026-TRO16a2025.pdf","price_band":null}},{"type":"Feature","id":"permit-z14-4.13-64","geometry":{"type":"Polygon","coordinates":[[[-0.1308,50.840533],[-0.130799,50.840542],[-0.130799,50.840551],[-0.130798,50.84056],[-0.130797,50.840569],[-0.130797,50.840578],[-0.130796,50.840587],[-0.130795,50.840596],[-0.130795,50.840605],[-0.130794,50.840614],[-0.130793,50.840623],[-0.130765,50.840622],[-0.130766,50.840613],[-0.130766,50.840604],[-0.130767,50.840595],[-0.130768,50.840586],[-0.130768,50.840577],[-0.130769,50.840568],[-0.13077,50.840559],[-0.13077,50.84055],[-0.130771,50.840541],[-0.130772,50.840532],[-0.1308,50.840533]]]},"properties":{"id":"permit-z14-4.13-64","type":"permit","zone":"14","red_route":false,"tariff":null,"pay_by_phone":null,"max_stay_mins":null,"no_return_mins":null,"schedule":[{"days":["mon","tue","wed","thu","fri","sat","sun"],"start":"08:00","end":"20:00"}],"days_raw":"Mon to Sun","times_raw":"8 am to 8 pm","max_stay_raw":null,"no_return_raw":null,"layer_raw":"TRO-16a-2025 Part 4.13 item 64","area_m2":20.0,"perimeter_m":24.0,"centroid":[-0.130783,50.840588],"source_objectid":null,"issues":null,"source":"traffic_order","source_text":"Roedale Road, W side: From a point 9 metres south of the southern kerbline of Hollingdean Terrace southwards for 10 metres","source_url":"https://tro.tpt.gov.uk/TRO/Brighton%20and%20Hove/912-CPZ-Amend-4-2026-TRO16a2025.pdf","price_band":null}},{"type":"Feature","id":"permit-z14-4.13-65","geometry":{"type":"Polygon","coordinates":[[[-0.130831,50.840149],[-0.130829,50.840158],[-0.130827,50.840166],[-0.130826,50.840174],[-0.130824,50.840182],[-0.130824,50.84019],[-0.130823,50.840199],[-0.130822,50.840208],[-0.130822,50.840217],[-0.130821,50.840226],[-0.13082,50.840235],[-0.13082,50.840244],[-0.130819,50.840253],[-0.130818,50.840262],[-0.130817,50.840271],[-0.130817,50.84028],[-0.130816,50.840289],[-0.130815,50.840298],[-0.130815,50.840307],[-0.130814,50.840316],[-0.130813,50.840325],[-0.130813,50.840334],[-0.130812,50.840343],[-0.130811,50.840352],[-0.130811,50.840361],[-0.13081,50.84037],[-0.130809,50.840379],[-0.130809,50.840388],[-0.130808,50.840397],[-0.130807,50.840406],[-0.130806,50.840415],[-0.130806,50.840424],[-0.130805,50.840433],[-0.130804,50.840442],[-0.130804,50.840452],[-0.130803,50.840461],[-0.130775,50.84046],[-0.130775,50.840451],[-0.130776,50.840442],[-0.130777,50.840433],[-0.130777,50.840424],[-0.130778,50.840415],[-0.130779,50.840405],[-0.130779,50.840396],[-0.13078,50.840387],[-0.130781,50.840378],[-0.130781,50.840369],[-0.130782,50.84036],[-0.130783,50.840351],[-0.130784,50.840342],[-0.130784,50.840333],[-0.130785,50.840324],[-0.130786,50.840315],[-0.130786,50.840306],[-0.130787,50.840297],[-0.130788,50.840288],[-0.130788,50.840279],[-0.130789,50.84027],[-0.13079,50.840261],[-0.13079,50.840252],[-0.130791,50.840243],[-0.130792,50.840234],[-0.130793,50.840225],[-0.130793,50.840216],[-0.130794,50.840207],[-0.130795,50.840198],[-0.130795,50.840189],[-0.130796,50.840181],[-0.130797,50.840172],[-0.130799,50.840164],[-0.130801,50.840155],[-0.130803,50.840146],[-0.130831,50.840149]]]},"properties":{"id":"permit-z14-4.13-65","type":"permit","zone":"14","red_route":false,"tariff":null,"pay_by_phone":null,"max_stay_mins":null,"no_return_mins":null,"schedule":[{"days":["mon","tue","wed","thu","fri","sat","sun"],"start":"08:00","end":"20:00"}],"days_raw":"Mon to Sun","times_raw":"8 am to 8 pm","max_stay_raw":null,"no_return_raw":null,"layer_raw":"TRO-16a-2025 Part 4.13 item 65","area_m2":69.3,"perimeter_m":73.3,"centroid":[-0.130801,50.840309],"source_objectid":null,"issues":null,"source":"traffic_order","source_text":"Roedale Road, W side: From a point 27 metres south of the southern kerbline of Hollingdean Terrace southwards for 35 metres","source_url":"https://tro.tpt.gov.uk/TRO/Brighton%20and%20Hove/912-CPZ-Amend-4-2026-TRO16a2025.pdf","price_band":null}},{"type":"Feature","id":"permit-z14-4.13-66","geometry":{"type":"Polygon","coordinates":[[[-0.130438,50.843176],[-0.130437,50.843185],[-0.130436,50.843194],[-0.130436,50.843203],[-0.130435,50.843212],[-0.130435,50.843222],[-0.130434,50.843231],[-0.130433,50.84324],[-0.130433,50.843249],[-0.130432,50.843258],[-0.130431,50.843267],[-0.130431,50.843276],[-0.13043,50.843285],[-0.130429,50.843294],[-0.130429,50.843303],[-0.130428,50.843312],[-0.130427,50.843321],[-0.130427,50.84333],[-0.130426,50.843339],[-0.130425,50.843348],[-0.130425,50.843357],[-0.130424,50.843366],[-0.130423,50.843375],[-0.130423,50.843384],[-0.130422,50.843393],[-0.130421,50.843402],[-0.13042,50.843411],[-0.130419,50.84342],[-0.130419,50.843429],[-0.130418,50.843438],[-0.130417,50.843447],[-0.130416,50.843456],[-0.130415,50.843465],[-0.130415,50.843474],[-0.130414,50.843483],[-0.130413,50.843492],[-0.130412,50.843501],[-0.130411,50.84351],[-0.130411,50.843519],[-0.13041,50.843528],[-0.130409,50.843537],[-0.130408,50.843546],[-0.130408,50.843555],[-0.130407,50.843564],[-0.130406,50.843573],[-0.130405,50.843583],[-0.130404,50.843592],[-0.130404,50.843601],[-0.130403,50.84361],[-0.130402,50.843619],[-0.130401,50.843628],[-0.1304,50.843637],[-0.1304,50.843646],[-0.130399,50.843655],[-0.130398,50.843664],[-0.130397,50.843673],[-0.130396,50.843682],[-0.130396,50.843691],[-0.130395,50.8437],[-0.130394,50.843709],[-0.130393,50.843718],[-0.130392,50.843727],[-0.130392,50.843736],[-0.130391,50.843745],[-0.13039,50.843754],[-0.130389,50.843763],[-0.130389,50.843772],[-0.130388,50.843781],[-0.130416,50.843782],[-0.130417,50.843773],[-0.130418,50.843764],[-0.130419,50.843755],[-0.130419,50.843746],[-0.13042,50.843737],[-0.130421,50.843728],[-0.130422,50.843719],[-0.130422,50.84371],[-0.130423,50.843701],[-0.130424,50.843692],[-0.130425,50.843683],[-0.130426,50.843674],[-0.130426,50.843665],[-0.130427,50.843656],[-0.130428,50.843647],[-0.130429,50.843638],[-0.13043,50.843629],[-0.13043,50.84362],[-0.130431,50.843611],[-0.130432,50.843602],[-0.130433,50.843593],[-0.130434,50.843584],[-0.130434,50.843574],[-0.130435,50.843565],[-0.130436,50.843556],[-0.130437,50.843547],[-0.130438,50.843538],[-0.130438,50.843529],[-0.130439,50.84352],[-0.13044,50.843511],[-0.130441,50.843502],[-0.130441,50.843493],[-0.130442,50.843484],[-0.130443,50.843475],[-0.130444,50.843466],[-0.130445,50.843457],[-0.130445,50.843448],[-0.130446,50.843439],[-0.130447,50.84343],[-0.130448,50.843421],[-0.130449,50.843412],[-0.130449,50.843403],[-0.13045,50.843394],[-0.130451,50.843385],[-0.130452,50.843376],[-0.130452,50.843367],[-0.130453,50.843358],[-0.130454,50.843349],[-0.130454,50.84334],[-0.130455,50.843331],[-0.130456,50.843322],[-0.130456,50.843313],[-0.130457,50.843304],[-0.130458,50.843295],[-0.130458,50.843286],[-0.130459,50.843277],[-0.13046,50.843268],[-0.13046,50.843259],[-0.130461,50.843249],[-0.130462,50.84324],[-0.130462,50.843231],[-0.130463,50.843222],[-0.130464,50.843213],[-0.130464,50.843204],[-0.130465,50.843195],[-0.130466,50.843186],[-0.130466,50.843177],[-0.130438,50.843176]]]},"properties":{"id":"permit-z14-4.13-66","type":"permit","zone":"14","red_route":false,"tariff":null,"pay_by_phone":null,"max_stay_mins":null,"no_return_mins":null,"schedule":[{"days":["mon","tue","wed","thu","fri","sat","sun"],"start":"08:00","end":"20:00"}],"days_raw":"Mon to Sun","times_raw":"8 am to 8 pm","max_stay_raw":null,"no_return_raw":null,"layer_raw":"TRO-16a-2025 Part 4.13 item 66","area_m2":133.9,"perimeter_m":137.9,"centroid":[-0.130428,50.843482],"source_objectid":null,"issues":null,"source":"traffic_order","source_text":"Roedale Road, E side: From a point 9 metres south of the southern kerbline of Hollingbury Place southwards for 67 metres","source_url":"https://tro.tpt.gov.uk/TRO/Brighton%20and%20Hove/912-CPZ-Amend-4-2026-TRO16a2025.pdf","price_band":null}},{"type":"Feature","id":"permit-z14-4.13-67","geometry":{"type":"Polygon","coordinates":[[[-0.130501,50.842397],[-0.130501,50.842406],[-0.1305,50.842415],[-0.130499,50.842424],[-0.130498,50.842433],[-0.130498,50.842442],[-0.130497,50.842451],[-0.130496,50.84246],[-0.130495,50.842469],[-0.130495,50.842478],[-0.130494,50.842487],[-0.130493,50.842496],[-0.130493,50.842505],[-0.130492,50.842515],[-0.130491,50.842524],[-0.13049,50.842533],[-0.13049,50.842542],[-0.130489,50.842551],[-0.130488,50.84256],[-0.130488,50.842569],[-0.130487,50.842578],[-0.130486,50.842587],[-0.130485,50.842596],[-0.130485,50.842605],[-0.130484,50.842614],[-0.130483,50.842623],[-0.130483,50.842632],[-0.130482,50.842641],[-0.130481,50.84265],[-0.13048,50.842659],[-0.13048,50.842668],[-0.130479,50.842677],[-0.130478,50.842686],[-0.130478,50.842695],[-0.130477,50.842704],[-0.130476,50.842713],[-0.130475,50.842722],[-0.130474,50.842731],[-0.130474,50.84274],[-0.130473,50.842749],[-0.130472,50.842758],[-0.130471,50.842767],[-0.130471,50.842776],[-0.13047,50.842785],[-0.130469,50.842794],[-0.130468,50.842803],[-0.130467,50.842812],[-0.130467,50.842821],[-0.130466,50.842831],[-0.130465,50.84284],[-0.130464,50.842849],[-0.130463,50.842858],[-0.130463,50.842867],[-0.130462,50.842876],[-0.130461,50.842885],[-0.13046,50.842894],[-0.13046,50.842903],[-0.130459,50.842912],[-0.130458,50.842921],[-0.130457,50.84293],[-0.130456,50.842939],[-0.130456,50.842948],[-0.130455,50.842957],[-0.130454,50.842966],[-0.130453,50.842975],[-0.130453,50.842984],[-0.130452,50.842993],[-0.130451,50.843002],[-0.13045,50.843011],[-0.130449,50.84302],[-0.130449,50.843029],[-0.130448,50.843038],[-0.130447,50.843048],[-0.130447,50.843057],[-0.130446,50.843066],[-0.130445,50.843075],[-0.130445,50.843084],[-0.130444,50.843093],[-0.130443,50.843102],[-0.130443,50.843111],[-0.130442,50.84312],[-0.130441,50.843129],[-0.130441,50.843138],[-0.13044,50.843147],[-0.130439,50.843156],[-0.130468,50.843157],[-0.130468,50.843148],[-0.130469,50.843139],[-0.13047,50.84313],[-0.13047,50.843121],[-0.130471,50.843112],[-0.130472,50.843103],[-0.130472,50.843094],[-0.130473,50.843085],[-0.130474,50.843076],[-0.130474,50.843067],[-0.130475,50.843058],[-0.130476,50.843048],[-0.130476,50.843039],[-0.130477,50.84303],[-0.130478,50.843021],[-0.130479,50.843012],[-0.130479,50.843003],[-0.13048,50.842994],[-0.130481,50.842985],[-0.130482,50.842976],[-0.130483,50.842967],[-0.130483,50.842958],[-0.130484,50.842949],[-0.130485,50.84294],[-0.130486,50.842931],[-0.130486,50.842922],[-0.130487,50.842913],[-0.130488,50.842904],[-0.130489,50.842895],[-0.13049,50.842886],[-0.13049,50.842877],[-0.130491,50.842868],[-0.130492,50.842859],[-0.130493,50.84285],[-0.130493,50.842841],[-0.130494,50.842832],[-0.130495,50.842822],[-0.130496,50.842813],[-0.130497,50.842804],[-0.130497,50.842795],[-0.130498,50.842786],[-0.130499,50.842777],[-0.1305,50.842768],[-0.130501,50.842759],[-0.130501,50.84275],[-0.130502,50.842741],[-0.130503,50.842732],[-0.130504,50.842723],[-0.130504,50.842714],[-0.130505,50.842705],[-0.130506,50.842696],[-0.130507,50.842687],[-0.130507,50.842678],[-0.130508,50.842669],[-0.130509,50.84266],[-0.13051,50.842651],[-0.13051,50.842642],[-0.130511,50.842633],[-0.130512,50.842624],[-0.130512,50.842615],[-0.130513,50.842606],[-0.130514,50.842597],[-0.130515,50.842588],[-0.130515,50.842579],[-0.130516,50.84257],[-0.130517,50.842561],[-0.130517,50.842552],[-0.130518,50.842543],[-0.130519,50.842533],[-0.13052,50.842524],[-0.13052,50.842515],[-0.130521,50.842506],[-0.130522,50.842497],[-0.130522,50.842488],[-0.130523,50.842479],[-0.130524,50.84247],[-0.130525,50.842461],[-0.130525,50.842452],[-0.130526,50.842443],[-0.130527,50.842434],[-0.130528,50.842425],[-0.130528,50.842416],[-0.130529,50.842407],[-0.13053,50.842398],[-0.130501,50.842397]]]},"properties":{"id":"permit-z14-4.13-67","type":"permit","zone":"14","red_route":false,"tariff":null,"pay_by_phone":null,"max_stay_mins":null,"no_return_mins":null,"schedule":[{"days":["mon","tue","wed","thu","fri","sat","sun"],"start":"08:00","end":"20:00"}],"days_raw":"Mon to Sun","times_raw":"8 am to 8 pm","max_stay_raw":null,"no_return_raw":null,"layer_raw":"TRO-16a-2025 Part 4.13 item 67","area_m2":168.0,"perimeter_m":172.0,"centroid":[-0.130484,50.842779],"source_objectid":null,"issues":null,"source":"traffic_order","source_text":"Roedale Road, E side: From a point 5 metres north of the northern kerbline of Hollingdean Street northwards for 84 metres","source_url":"https://tro.tpt.gov.uk/TRO/Brighton%20and%20Hove/912-CPZ-Amend-4-2026-TRO16a2025.pdf","price_band":null}},{"type":"Feature","id":"permit-z14-4.13-68","geometry":{"type":"Polygon","coordinates":[[[-0.128229,50.843705],[-0.12824,50.84371],[-0.12825,50.843716],[-0.12826,50.843722],[-0.128271,50.843728],[-0.128282,50.843733],[-0.128293,50.843738],[-0.128304,50.843744],[-0.128315,50.843749],[-0.128325,50.843754],[-0.128336,50.843759],[-0.128347,50.843763],[-0.128359,50.843767],[-0.128371,50.843771],[-0.128384,50.843775],[-0.128396,50.843779],[-0.128408,50.843783],[-0.12842,50.843786],[-0.128433,50.843789],[-0.128446,50.843793],[-0.128459,50.843796],[-0.128471,50.843799],[-0.128483,50.843802],[-0.128495,50.843804],[-0.128508,50.843806],[-0.128522,50.843808],[-0.128536,50.843809],[-0.128549,50.843811],[-0.128563,50.843813],[-0.128576,50.843814],[-0.12859,50.843816],[-0.128604,50.843817],[-0.1286,50.843835],[-0.128586,50.843834],[-0.128572,50.843832],[-0.128558,50.843831],[-0.128544,50.843829],[-0.12853,50.843827],[-0.128516,50.843825],[-0.128502,50.843823],[-0.128488,50.843822],[-0.128475,50.84382],[-0.128461,50.843816],[-0.128448,50.843813],[-0.128435,50.843809],[-0.128422,50.843806],[-0.128409,50.843803],[-0.128396,50.843799],[-0.128383,50.843795],[-0.128371,50.843791],[-0.128358,50.843787],[-0.128346,50.843783],[-0.128333,50.843778],[-0.128321,50.843774],[-0.128309,50.843769],[-0.128298,50.843764],[-0.128287,50.843758],[-0.128275,50.843753],[-0.128264,50.843747],[-0.128253,50.843742],[-0.128242,50.843736],[-0.128231,50.84373],[-0.128221,50.843724],[-0.12821,50.843718],[-0.128229,50.843705]]]},"properties":{"id":"permit-z14-4.13-68","type":"permit","zone":"14","red_route":false,"tariff":null,"pay_by_phone":null,"max_stay_mins":null,"no_return_mins":null,"schedule":[{"days":["mon","tue","wed","thu","fri","sat","sun"],"start":"08:00","end":"20:00"}],"days_raw":"Mon to Sun","times_raw":"8 am to 8 pm","max_stay_raw":null,"no_return_raw":null,"layer_raw":"TRO-16a-2025 Part 4.13 item 68","area_m2":60.5,"perimeter_m":64.5,"centroid":[-0.128401,50.843785],"source_objectid":null,"issues":null,"source":"traffic_order","source_text":"The Crossway, S side: From a point 13 metres west of the boundary between Nos.2 & 4 The Crossway eastwards for 31 metres","source_url":"https://tro.tpt.gov.uk/TRO/Brighton%20and%20Hove/912-CPZ-Amend-4-2026-TRO16a2025.pdf","price_band":null}},{"type":"Feature","id":"permit-z14-4.13-69","geometry":{"type":"Polygon","coordinates":[[[-0.127495,50.843163],[-0.127504,50.84317],[-0.127513,50.843176],[-0.127523,50.843183],[-0.127532,50.843189],[-0.127541,50.843196],[-0.12755,50.843202],[-0.12756,50.843209],[-0.127569,50.843215],[-0.127578,50.843222],[-0.127587,50.843228],[-0.127597,50.843235],[-0.127606,50.843241],[-0.127615,50.843248],[-0.127624,50.843254],[-0.127634,50.843261],[-0.127613,50.843273],[-0.127603,50.843266],[-0.127594,50.84326],[-0.127585,50.843253],[-0.127576,50.843247],[-0.127566,50.84324],[-0.127557,50.843234],[-0.127548,50.843227],[-0.127539,50.843221],[-0.127529,50.843214],[-0.12752,50.843208],[-0.127511,50.843202],[-0.127502,50.843195],[-0.127492,50.843189],[-0.127483,50.843182],[-0.127474,50.843176],[-0.127495,50.843163]]]},"properties":{"id":"permit-z14-4.13-69","type":"permit","zone":"14","red_route":false,"tariff":null,"pay_by_phone":null,"max_stay_mins":null,"no_return_mins":null,"schedule":[{"days":["mon","tue","wed","thu","fri","sat","sun"],"start":"08:00","end":"20:00"}],"days_raw":"Mon to Sun","times_raw":"8 am to 8 pm","max_stay_raw":null,"no_return_raw":null,"layer_raw":"TRO-16a-2025 Part 4.13 item 69","area_m2":29.0,"perimeter_m":33.0,"centroid":[-0.127554,50.843219],"source_objectid":null,"issues":null,"source":"traffic_order","source_text":"The Crossway, S side: From a point 14.5 metres east of the prolongation of the southern kerbline of Horton Road eastwards for 14.5 metres","source_url":"https://tro.tpt.gov.uk/TRO/Brighton%20and%20Hove/912-CPZ-Amend-4-2026-TRO16a2025.pdf","price_band":null}},{"type":"Feature","id":"permit-z14-4.13-70","geometry":{"type":"Polygon","coordinates":[[[-0.127214,50.842989],[-0.127225,50.842995],[-0.127235,50.843],[-0.127246,50.843006],[-0.127257,50.843012],[-0.127267,50.843018],[-0.127278,50.843024],[-0.127289,50.843029],[-0.127299,50.843035],[-0.12731,50.843041],[-0.127321,50.843047],[-0.127333,50.843053],[-0.127344,50.84306],[-0.127354,50.843067],[-0.127364,50.843074],[-0.127374,50.84308],[-0.127383,50.843087],[-0.127393,50.843093],[-0.127403,50.8431],[-0.127412,50.843106],[-0.127422,50.843113],[-0.127432,50.843119],[-0.127442,50.843126],[-0.127451,50.843133],[-0.127461,50.843139],[-0.12747,50.843146],[-0.12748,50.843152],[-0.127489,50.843159],[-0.127498,50.843165],[-0.127508,50.843172],[-0.127487,50.843184],[-0.127477,50.843178],[-0.127468,50.843171],[-0.127458,50.843164],[-0.127449,50.843158],[-0.12744,50.843151],[-0.12743,50.843145],[-0.127421,50.843138],[-0.127411,50.843131],[-0.127402,50.843125],[-0.127392,50.843118],[-0.127382,50.843112],[-0.127372,50.843106],[-0.127363,50.843099],[-0.127353,50.843093],[-0.127343,50.843086],[-0.127334,50.84308],[-0.127324,50.843073],[-0.127314,50.843067],[-0.127303,50.843061],[-0.127291,50.843055],[-0.127281,50.843049],[-0.12727,50.843043],[-0.12726,50.843037],[-0.127249,50.843032],[-0.127238,50.843026],[-0.127228,50.84302],[-0.127217,50.843014],[-0.127206,50.843009],[-0.127196,50.843003],[-0.127214,50.842989]]]},"properties":{"id":"permit-z14-4.13-70","type":"permit","zone":"14","red_route":false,"tariff":null,"pay_by_phone":null,"max_stay_mins":null,"no_return_mins":null,"schedule":[{"days":["mon","tue","wed","thu","fri","sat","sun"],"start":"08:00","end":"20:00"}],"days_raw":"Mon to Sun","times_raw":"8 am to 8 pm","max_stay_raw":null,"no_return_raw":null,"layer_raw":"TRO-16a-2025 Part 4.13 item 70","area_m2":57.6,"perimeter_m":61.7,"centroid":[-0.127355,50.843085],"source_objectid":null,"issues":null,"source":"traffic_order","source_text":"The Crossway, S side: From a point 4 metres west of the boundary between Nos.12 & 14 The Crossway westwards for 28.5 metres","source_url":"https://tro.tpt.gov.uk/TRO/Brighton%20and%20Hove/912-CPZ-Amend-4-2026-TRO16a2025.pdf","price_band":null}},{"type":"Feature","id":"permit-z14-4.13-71","geometry":{"type":"Polygon","coordinates":[[[-0.127157,50.842972],[-0.12717,50.842978],[-0.127182,50.842984],[-0.127194,50.84299],[-0.127204,50.842996],[-0.127215,50.843002],[-0.127226,50.843008],[-0.127208,50.843022],[-0.127197,50.843016],[-0.127186,50.84301],[-0.127175,50.843004],[-0.127164,50.842998],[-0.127153,50.842992],[-0.127141,50.842987],[-0.127157,50.842972]]]},"properties":{"id":"permit-z14-4.13-71","type":"permit","zone":"14","red_route":false,"tariff":null,"pay_by_phone":null,"max_stay_mins":null,"no_return_mins":null,"schedule":[{"days":["mon","tue","wed","thu","fri","sat","sun"],"start":"08:00","end":"20:00"}],"days_raw":"Mon to Sun","times_raw":"8 am to 8 pm","max_stay_raw":null,"no_return_raw":null,"layer_raw":"TRO-16a-2025 Part 4.13 item 71","area_m2":12.3,"perimeter_m":16.3,"centroid":[-0.127184,50.842984],"source_objectid":null,"issues":null,"source":"traffic_order","source_text":"The Crossway, S side: From the boundary between Nos.12 & 14 The Crossway westwards for 6 metres","source_url":"https://tro.tpt.gov.uk/TRO/Brighton%20and%20Hove/912-CPZ-Amend-4-2026-TRO16a2025.pdf","price_band":null}},{"type":"Feature","id":"permit-z14-4.13-72","geometry":{"type":"Polygon","coordinates":[[[-0.126975,50.842898],[-0.126986,50.842902],[-0.126998,50.842907],[-0.12701,50.842911],[-0.127021,50.842915],[-0.127033,50.84292],[-0.127045,50.842925],[-0.127056,50.842929],[-0.12704,50.842945],[-0.127029,50.84294],[-0.127018,50.842935],[-0.127007,50.842931],[-0.126995,50.842927],[-0.126984,50.842922],[-0.126972,50.842918],[-0.126961,50.842914],[-0.126975,50.842898]]]},"properties":{"id":"permit-z14-4.13-72","type":"permit","zone":"14","red_route":false,"tariff":null,"pay_by_phone":null,"max_stay_mins":null,"no_return_mins":null,"schedule":[{"days":["mon","tue","wed","thu","fri","sat","sun"],"start":"08:00","end":"20:00"}],"days_raw":"Mon to Sun","times_raw":"8 am to 8 pm","max_stay_raw":null,"no_return_raw":null,"layer_raw":"TRO-16a-2025 Part 4.13 item 72","area_m2":13.2,"perimeter_m":17.2,"centroid":[-0.127008,50.842918],"source_objectid":null,"issues":null,"source":"traffic_order","source_text":"The Crossway, S side: From a point 8.5 metres east of the boundary between Nos.12 & 14 The Crossway eastwards for 6.5 metres","source_url":"https://tro.tpt.gov.uk/TRO/Brighton%20and%20Hove/912-CPZ-Amend-4-2026-TRO16a2025.pdf","price_band":null}},{"type":"Feature","id":"permit-z14-4.13-73","geometry":{"type":"Polygon","coordinates":[[[-0.126808,50.842845],[-0.126821,50.842848],[-0.126834,50.842851],[-0.126847,50.842855],[-0.126862,50.842858],[-0.126876,50.842862],[-0.12689,50.842867],[-0.126903,50.842872],[-0.126915,50.842876],[-0.126928,50.842881],[-0.12694,50.842885],[-0.126952,50.84289],[-0.126965,50.842894],[-0.126977,50.842899],[-0.126963,50.842915],[-0.12695,50.84291],[-0.126938,50.842906],[-0.126926,50.842901],[-0.126913,50.842897],[-0.126901,50.842892],[-0.126889,50.842887],[-0.126876,50.842883],[-0.126864,50.842878],[-0.12685,50.842875],[-0.126837,50.842871],[-0.126824,50.842868],[-0.12681,50.842865],[-0.126797,50.842861],[-0.126808,50.842845]]]},"properties":{"id":"permit-z14-4.13-73","type":"permit","zone":"14","red_route":false,"tariff":null,"pay_by_phone":null,"max_stay_mins":null,"no_return_mins":null,"schedule":[{"days":["mon","tue","wed","thu","fri","sat","sun"],"start":"08:00","end":"20:00"}],"days_raw":"Mon to Sun","times_raw":"8 am to 8 pm","max_stay_raw":null,"no_return_raw":null,"layer_raw":"TRO-16a-2025 Part 4.13 item 73","area_m2":26.4,"perimeter_m":30.4,"centroid":[-0.126888,50.842885],"source_objectid":null,"issues":null,"source":"traffic_order","source_text":"The Crossway, S side: From a point 4.5 metres west of the eastern property line of No.20 The Crossway westwards for 13 metres","source_url":"https://tro.tpt.gov.uk/TRO/Brighton%20and%20Hove/912-CPZ-Amend-4-2026-TRO16a2025.pdf","price_band":null}},{"type":"Feature","id":"permit-z14-4.13-74","geometry":{"type":"Polygon","coordinates":[[[-0.127876,50.842504],[-0.127869,50.842496],[-0.127862,50.842489],[-0.127855,50.84248],[-0.127848,50.842471],[-0.127839,50.842463],[-0.12783,50.842455],[-0.127821,50.842447],[-0.127811,50.842439],[-0.127801,50.84243],[-0.127789,50.842423],[-0.127776,50.842416],[-0.127765,50.84241],[-0.127754,50.842404],[-0.127743,50.842398],[-0.127731,50.842392],[-0.127719,50.842386],[-0.127707,50.84238],[-0.127695,50.842375],[-0.127682,50.84237],[-0.12767,50.842365],[-0.127658,50.84236],[-0.127646,50.842355],[-0.127634,50.84235],[-0.127622,50.842345],[-0.12761,50.84234],[-0.127597,50.842335],[-0.127584,50.84233],[-0.127571,50.842325],[-0.127559,50.842321],[-0.127546,50.842317],[-0.127534,50.842312],[-0.127521,50.842308],[-0.127509,50.842303],[-0.127496,50.842299],[-0.127482,50.842294],[-0.127468,50.84229],[-0.127454,50.842286],[-0.127441,50.842282],[-0.127426,50.842279],[-0.127411,50.842275],[-0.127396,50.842272],[-0.127381,50.84227],[-0.127367,50.842268],[-0.127353,50.842266],[-0.127339,50.842263],[-0.127325,50.842261],[-0.12731,50.842259],[-0.127294,50.842257],[-0.127279,50.842256],[-0.127265,50.842255],[-0.127251,50.842253],[-0.127236,50.842252],[-0.127222,50.842251],[-0.127219,50.842269],[-0.127233,50.84227],[-0.127247,50.842271],[-0.127261,50.842273],[-0.127275,50.842274],[-0.12729,50.842275],[-0.127304,50.842276],[-0.127318,50.842279],[-0.127333,50.842281],[-0.127346,50.842283],[-0.12736,50.842285],[-0.127374,50.842287],[-0.127388,50.842289],[-0.127402,50.842292],[-0.127416,50.842295],[-0.12743,50.842299],[-0.127443,50.842303],[-0.127457,50.842306],[-0.12747,50.84231],[-0.127482,50.842315],[-0.127495,50.842319],[-0.127508,50.842323],[-0.12752,50.842328],[-0.127532,50.842332],[-0.127545,50.842337],[-0.127557,50.842341],[-0.12757,50.842346],[-0.127582,50.84235],[-0.127595,50.842355],[-0.127607,50.84236],[-0.127619,50.842365],[-0.127631,50.84237],[-0.127643,50.842375],[-0.127655,50.84238],[-0.127667,50.842385],[-0.127679,50.84239],[-0.127691,50.842395],[-0.127702,50.842401],[-0.127714,50.842406],[-0.127725,50.842412],[-0.127736,50.842418],[-0.127747,50.842424],[-0.127758,50.84243],[-0.127769,50.842436],[-0.12778,50.842442],[-0.127789,50.84245],[-0.127798,50.842458],[-0.127807,50.842465],[-0.127815,50.842473],[-0.127823,50.842481],[-0.12783,50.842489],[-0.127837,50.842497],[-0.127844,50.842505],[-0.12785,50.842513],[-0.127876,50.842504]]]},"properties":{"id":"permit-z14-4.13-74","type":"permit","zone":"14","red_route":false,"tariff":null,"pay_by_phone":null,"max_stay_mins":null,"no_return_mins":null,"schedule":[{"days":["mon","tue","wed","thu","fri","sat","sun"],"start":"08:00","end":"20:00"}],"days_raw":"Mon to Sun","times_raw":"8 am to 8 pm","max_stay_raw":null,"no_return_raw":null,"layer_raw":"TRO-16a-2025 Part 4.13 item 74","area_m2":109.7,"perimeter_m":113.8,"centroid":[-0.127574,50.842355],"source_objectid":null,"issues":null,"source":"traffic_order","source_text":"The Linkway, S side: From the prolongation of the western building line of Nos.25 to 35 The Linkway eastwards for 53 metres","source_url":"https://tro.tpt.gov.uk/TRO/Brighton%20and%20Hove/912-CPZ-Amend-4-2026-TRO16a2025.pdf","price_band":null}},{"type":"Feature","id":"permit-z14-4.13-75","geometry":{"type":"Polygon","coordinates":[[[-0.127871,50.84145],[-0.127857,50.841448],[-0.127844,50.841446],[-0.12783,50.841444],[-0.127816,50.841442],[-0.127802,50.84144],[-0.127787,50.841483],[-0.127801,50.841485],[-0.127815,50.841487],[-0.127829,50.841489],[-0.127843,50.84149],[-0.127857,50.841492],[-0.127871,50.84145]]]},"properties":{"id":"permit-z14-4.13-75","type":"permit","zone":"14","red_route":false,"tariff":null,"pay_by_phone":null,"max_stay_mins":null,"no_return_mins":null,"schedule":[{"days":["mon","tue","wed","thu","fri","sat","sun"],"start":"08:00","end":"20:00"}],"days_raw":"Mon to Sun","times_raw":"8 am to 8 pm","max_stay_raw":null,"no_return_raw":null,"layer_raw":"TRO-16a-2025 Part 4.13 item 75","area_m2":24.0,"perimeter_m":19.6,"centroid":[-0.127829,50.841459],"source_objectid":null,"issues":null,"source":"traffic_order","source_text":"Tintern Close, S side: From a point 3.5 metres east of the boundary between Nos. 09 & 10 Tintern Close eastwards for 5 metres (2 echelon bays at 90 degrees to the kerb)","source_url":"https://tro.tpt.gov.uk/TRO/Brighton%20and%20Hove/912-CPZ-Amend-4-2026-TRO16a2025.pdf","price_band":null}},{"type":"Feature","id":"permit-z14-4.13-76","geometry":{"type":"Polygon","coordinates":[[[-0.130297,50.839677],[-0.130289,50.839669],[-0.130281,50.839662],[-0.130272,50.839655],[-0.130264,50.839647],[-0.130256,50.83964],[-0.130248,50.839633],[-0.130239,50.839625],[-0.130231,50.839618],[-0.130223,50.83961],[-0.130215,50.839603],[-0.130206,50.839596],[-0.130198,50.839588],[-0.13019,50.839581],[-0.130182,50.839574],[-0.130173,50.839566],[-0.130197,50.839556],[-0.130205,50.839563],[-0.130213,50.83957],[-0.130221,50.839578],[-0.13023,50.839585],[-0.130238,50.839593],[-0.130246,50.8396],[-0.130254,50.839607],[-0.130263,50.839615],[-0.130271,50.839622],[-0.130279,50.839629],[-0.130287,50.839637],[-0.130296,50.839644],[-0.130304,50.839652],[-0.130312,50.839659],[-0.13032,50.839666],[-0.130297,50.839677]]]},"properties":{"id":"permit-z14-4.13-76","type":"permit","zone":"14","red_route":false,"tariff":null,"pay_by_phone":null,"max_stay_mins":null,"no_return_mins":null,"schedule":[{"days":["mon","tue","wed","thu","fri","sat","sun"],"start":"08:00","end":"20:00"}],"days_raw":"Mon to Sun","times_raw":"8 am to 8 pm","max_stay_raw":null,"no_return_raw":null,"layer_raw":"TRO-16a-2025 Part 4.13 item 76","area_m2":30.0,"perimeter_m":34.0,"centroid":[-0.130247,50.839617],"source_objectid":null,"issues":null,"source":"traffic_order","source_text":"Upper Hollingdean Road, N side: From a point 27 metres west of the western kerbline of Davey Drive westwards for 15 metres","source_url":"https://tro.tpt.gov.uk/TRO/Brighton%20and%20Hove/912-CPZ-Amend-4-2026-TRO16a2025.pdf","price_band":null}},{"type":"Feature","id":"permit-z14-4.13-77","geometry":{"type":"Polygon","coordinates":[[[-0.131765,50.840252],[-0.13175,50.840251],[-0.131735,50.840251],[-0.13172,50.84025],[-0.131706,50.840249],[-0.131692,50.840248],[-0.131678,50.840248],[-0.131663,50.840247],[-0.131648,50.840246],[-0.131634,50.840245],[-0.131619,50.840243],[-0.131605,50.840242],[-0.131591,50.840241],[-0.131577,50.84024],[-0.131562,50.840238],[-0.131548,50.840237],[-0.131533,50.840235],[-0.131519,50.840233],[-0.131505,50.840232],[-0.131491,50.84023],[-0.131476,50.840228],[-0.131462,50.840226],[-0.131447,50.840224],[-0.131433,50.840222],[-0.13142,50.84022],[-0.131406,50.840218],[-0.131392,50.840216],[-0.131378,50.840213],[-0.131363,50.840211],[-0.131349,50.840208],[-0.131335,50.840206],[-0.131321,50.840203],[-0.131308,50.8402],[-0.131294,50.840198],[-0.13128,50.840195],[-0.131266,50.840192],[-0.131251,50.840189],[-0.131237,50.840185],[-0.131224,50.840182],[-0.131211,50.840179],[-0.131221,50.840162],[-0.131234,50.840165],[-0.131247,50.840169],[-0.131261,50.840172],[-0.131275,50.840175],[-0.131289,50.840178],[-0.131303,50.84018],[-0.131316,50.840183],[-0.13133,50.840186],[-0.131343,50.840188],[-0.131357,50.840191],[-0.131371,50.840194],[-0.131385,50.840196],[-0.131399,50.840198],[-0.131413,50.8402],[-0.131426,50.840202],[-0.13144,50.840204],[-0.131454,50.840207],[-0.131468,50.840209],[-0.131482,50.840211],[-0.131496,50.840212],[-0.13151,50.840214],[-0.131524,50.840216],[-0.131538,50.840217],[-0.131552,50.840219],[-0.131567,50.840221],[-0.131581,50.840222],[-0.131595,50.840223],[-0.131609,50.840224],[-0.131623,50.840225],[-0.131637,50.840227],[-0.131652,50.840228],[-0.131666,50.840229],[-0.13168,50.84023],[-0.131695,50.84023],[-0.131709,50.840231],[-0.131723,50.840232],[-0.131737,50.840233],[-0.131752,50.840233],[-0.131766,50.840233],[-0.131765,50.840252]]]},"properties":{"id":"permit-z14-4.13-77","type":"permit","zone":"14","red_route":false,"tariff":null,"pay_by_phone":null,"max_stay_mins":null,"no_return_mins":null,"schedule":[{"days":["mon","tue","wed","thu","fri","sat","sun"],"start":"08:00","end":"20:00"}],"days_raw":"Mon to Sun","times_raw":"8 am to 8 pm","max_stay_raw":null,"no_return_raw":null,"layer_raw":"TRO-16a-2025 Part 4.13 item 77","area_m2":79.2,"perimeter_m":83.3,"centroid":[-0.131488,50.840218],"source_objectid":null,"issues":null,"source":"traffic_order","source_text":"Upper Hollingdean Road, N side: From a point 25.5 metres west of the western kerbline of Roedale Road westwards for 38.5 metres","source_url":"https://tro.tpt.gov.uk/TRO/Brighton%20and%20Hove/912-CPZ-Amend-4-2026-TRO16a2025.pdf","price_band":null}},{"type":"Feature","id":"permit-z14-4.13-78","geometry":{"type":"Polygon","coordinates":[[[-0.131845,50.840264],[-0.13183,50.840264],[-0.131815,50.840263],[-0.131801,50.840263],[-0.131787,50.840263],[-0.131772,50.840263],[-0.131773,50.840244],[-0.131787,50.840245],[-0.131802,50.840245],[-0.131816,50.840245],[-0.13183,50.840245],[-0.131845,50.840246],[-0.131845,50.840264]]]},"properties":{"id":"permit-z14-4.13-78","type":"permit","zone":"14","red_route":false,"tariff":null,"pay_by_phone":null,"max_stay_mins":null,"no_return_mins":null,"schedule":[{"days":["mon","tue","wed","thu","fri","sat","sun"],"start":"08:00","end":"20:00"}],"days_raw":"Mon to Sun","times_raw":"8 am to 8 pm","max_stay_raw":null,"no_return_raw":null,"layer_raw":"TRO-16a-2025 Part 4.13 item 78","area_m2":10.2,"perimeter_m":14.2,"centroid":[-0.131809,50.840256],"source_objectid":null,"issues":null,"source":"traffic_order","source_text":"Upper Hollingdean Road, N side: From a point 1 metre west of the eastern building line of No.13a Upper Hollingdean Road westwards for 5 metres","source_url":"https://tro.tpt.gov.uk/TRO/Brighton%20and%20Hove/912-CPZ-Amend-4-2026-TRO16a2025.pdf","price_band":null}},{"type":"Feature","id":"permit-z14-4.13-79","geometry":{"type":"Polygon","coordinates":[[[-0.132096,50.840254],[-0.132081,50.840255],[-0.132067,50.840256],[-0.132052,50.840257],[-0.132038,50.840258],[-0.132023,50.840259],[-0.132009,50.84026],[-0.131995,50.840261],[-0.13198,50.840261],[-0.131964,50.840262],[-0.131949,50.840263],[-0.131948,50.840245],[-0.131963,50.840244],[-0.131978,50.840243],[-0.131993,50.840242],[-0.132007,50.840242],[-0.132021,50.840241],[-0.132035,50.84024],[-0.132049,50.840239],[-0.132064,50.840238],[-0.132078,50.840237],[-0.132093,50.840236],[-0.132096,50.840254]]]},"properties":{"id":"permit-z14-4.13-79","type":"permit","zone":"14","red_route":false,"tariff":null,"pay_by_phone":null,"max_stay_mins":null,"no_return_mins":null,"schedule":[{"days":["mon","tue","wed","thu","fri","sat","sun"],"start":"08:00","end":"20:00"}],"days_raw":"Mon to Sun","times_raw":"8 am to 8 pm","max_stay_raw":null,"no_return_raw":null,"layer_raw":"TRO-16a-2025 Part 4.13 item 79","area_m2":20.7,"perimeter_m":24.7,"centroid":[-0.132021,50.840252],"source_objectid":null,"issues":null,"source":"traffic_order","source_text":"Upper Hollingdean Road, N side: From point 13 metres west of the eastern building line of No.13a Upper Hollingdean Road westwards for 10 metres","source_url":"https://tro.tpt.gov.uk/TRO/Brighton%20and%20Hove/912-CPZ-Amend-4-2026-TRO16a2025.pdf","price_band":null}},{"type":"Feature","id":"permit-z14-4.13-80","geometry":{"type":"Polygon","coordinates":[[[-0.133131,50.839918],[-0.133121,50.839925],[-0.13311,50.839932],[-0.133099,50.839939],[-0.133088,50.839946],[-0.133078,50.839952],[-0.133067,50.839958],[-0.133056,50.839965],[-0.133046,50.839972],[-0.133034,50.839978],[-0.133023,50.839985],[-0.133012,50.839991],[-0.133001,50.839997],[-0.13299,50.840003],[-0.132979,50.840009],[-0.132967,50.840015],[-0.132956,50.840021],[-0.132944,50.840027],[-0.132933,50.840033],[-0.132922,50.840039],[-0.132909,50.840045],[-0.132896,50.840051],[-0.132882,50.840057],[-0.132869,50.840062],[-0.132857,50.840067],[-0.132845,50.840072],[-0.132833,50.840077],[-0.132821,50.840082],[-0.132809,50.840087],[-0.132797,50.840092],[-0.132786,50.840097],[-0.132773,50.840102],[-0.13276,50.840107],[-0.132747,50.840112],[-0.132734,50.840117],[-0.132721,50.840122],[-0.132708,50.840126],[-0.132696,50.840131],[-0.132682,50.840136],[-0.132668,50.840141],[-0.132653,50.840145],[-0.132639,50.840149],[-0.132626,50.840153],[-0.132613,50.840157],[-0.132599,50.840161],[-0.132585,50.840165],[-0.13257,50.840168],[-0.132556,50.840172],[-0.132543,50.840175],[-0.13253,50.840178],[-0.132516,50.840182],[-0.132502,50.840185],[-0.132487,50.840189],[-0.132473,50.840192],[-0.132459,50.840195],[-0.132445,50.840197],[-0.132432,50.8402],[-0.132417,50.840203],[-0.132403,50.840206],[-0.132389,50.840209],[-0.132375,50.840211],[-0.132367,50.840194],[-0.132381,50.840191],[-0.132395,50.840189],[-0.132409,50.840186],[-0.132423,50.840183],[-0.132436,50.84018],[-0.13245,50.840177],[-0.132464,50.840174],[-0.132478,50.840171],[-0.132492,50.840168],[-0.132506,50.840165],[-0.132519,50.840161],[-0.132533,50.840158],[-0.132546,50.840155],[-0.13256,50.840152],[-0.132574,50.840148],[-0.132587,50.840144],[-0.132601,50.84014],[-0.132614,50.840136],[-0.132627,50.840133],[-0.132641,50.840129],[-0.132655,50.840125],[-0.132668,50.84012],[-0.132682,50.840115],[-0.132694,50.840111],[-0.132707,50.840106],[-0.13272,50.840102],[-0.132733,50.840097],[-0.132745,50.840092],[-0.132758,50.840087],[-0.13277,50.840082],[-0.132782,50.840077],[-0.132794,50.840072],[-0.132806,50.840067],[-0.132818,50.840062],[-0.13283,50.840057],[-0.132842,50.840052],[-0.132854,50.840047],[-0.132866,50.840042],[-0.132879,50.840037],[-0.132892,50.840031],[-0.132904,50.840024],[-0.132915,50.840019],[-0.132926,50.840013],[-0.132938,50.840007],[-0.132949,50.840001],[-0.13296,50.839995],[-0.132972,50.839989],[-0.132982,50.839983],[-0.132993,50.839977],[-0.133004,50.839971],[-0.133015,50.839965],[-0.133026,50.839958],[-0.133037,50.839952],[-0.133048,50.839945],[-0.133058,50.839939],[-0.133068,50.839933],[-0.133079,50.839926],[-0.13309,50.839919],[-0.1331,50.839912],[-0.13311,50.839905],[-0.133131,50.839918]]]},"properties":{"id":"permit-z14-4.13-80","type":"permit","zone":"14","red_route":false,"tariff":null,"pay_by_phone":null,"max_stay_mins":null,"no_return_mins":null,"schedule":[{"days":["mon","tue","wed","thu","fri","sat","sun"],"start":"08:00","end":"20:00"}],"days_raw":"Mon to Sun","times_raw":"8 am to 8 pm","max_stay_raw":null,"no_return_raw":null,"layer_raw":"TRO-16a-2025 Part 4.13 item 80","area_m2":125.1,"perimeter_m":129.1,"centroid":[-0.132767,50.84008],"source_objectid":null,"issues":null,"source":"traffic_order","source_text":"Upper Hollingdean Road, N side: From a point 8 metres west of the western kerbline of Hollingbury Road westwards for 60 metres","source_url":"https://tro.tpt.gov.uk/TRO/Brighton%20and%20Hove/912-CPZ-Amend-4-2026-TRO16a2025.pdf","price_band":null}},{"type":"Feature","id":"permit-z14-4.13-81","geometry":{"type":"Polygon","coordinates":[[[-0.133284,50.839806],[-0.133275,50.839814],[-0.133265,50.839823],[-0.133255,50.839831],[-0.133246,50.839838],[-0.133237,50.839845],[-0.133215,50.839834],[-0.133224,50.839827],[-0.133232,50.83982],[-0.133242,50.839812],[-0.133252,50.839804],[-0.13326,50.839795],[-0.133284,50.839806]]]},"properties":{"id":"permit-z14-4.13-81","type":"permit","zone":"14","red_route":false,"tariff":null,"pay_by_phone":null,"max_stay_mins":null,"no_return_mins":null,"schedule":[{"days":["mon","tue","wed","thu","fri","sat","sun"],"start":"08:00","end":"20:00"}],"days_raw":"Mon to Sun","times_raw":"8 am to 8 pm","max_stay_raw":null,"no_return_raw":null,"layer_raw":"TRO-16a-2025 Part 4.13 item 81","area_m2":10.9,"perimeter_m":14.9,"centroid":[-0.13325,50.839843],"source_objectid":null,"issues":null,"source":"traffic_order","source_text":"Upper Hollingdean Road, N side: From a point 44 metres east of the eastern kerbline of Ditchling Road eastwards for 5 metres","source_url":"https://tro.tpt.gov.uk/TRO/Brighton%20and%20Hove/912-CPZ-Amend-4-2026-TRO16a2025.pdf","price_band":null}},{"type":"Feature","id":"permit-z14-4.13-82","geometry":{"type":"Polygon","coordinates":[[[-0.125943,50.840739],[-0.125939,50.840748],[-0.125936,50.840756],[-0.125932,50.840765],[-0.125928,50.840774],[-0.125924,50.840783],[-0.12592,50.840791],[-0.125916,50.8408],[-0.125913,50.840809],[-0.125909,50.840817],[-0.125905,50.840826],[-0.125901,50.840835],[-0.125897,50.840844],[-0.125893,50.840853],[-0.12589,50.840862],[-0.125887,50.840872],[-0.125885,50.840881],[-0.125882,50.840889],[-0.125879,50.840898],[-0.125877,50.840907],[-0.125874,50.840916],[-0.125871,50.840925],[-0.125868,50.840934],[-0.125866,50.840943],[-0.125894,50.840946],[-0.125896,50.840937],[-0.125899,50.840928],[-0.125902,50.84092],[-0.125904,50.840911],[-0.125907,50.840902],[-0.12591,50.840893],[-0.125912,50.840884],[-0.125915,50.840875],[-0.125918,50.840866],[-0.125921,50.840857],[-0.125925,50.840848],[-0.125928,50.84084],[-0.125932,50.840831],[-0.125936,50.840822],[-0.12594,50.840814],[-0.125944,50.840805],[-0.125948,50.840796],[-0.125951,50.840787],[-0.125955,50.840779],[-0.125959,50.84077],[-0.125963,50.840761],[-0.125967,50.840753],[-0.125971,50.840744],[-0.125943,50.840739]]]},"properties":{"id":"permit-z14-4.13-82","type":"permit","zone":"14","red_route":false,"tariff":null,"pay_by_phone":null,"max_stay_mins":null,"no_return_mins":null,"schedule":[{"days":["mon","tue","wed","thu","fri","sat","sun"],"start":"08:00","end":"20:00"}],"days_raw":"Mon to Sun","times_raw":"8 am to 8 pm","max_stay_raw":null,"no_return_raw":null,"layer_raw":"TRO-16a-2025 Part 4.13 item 82","area_m2":46.3,"perimeter_m":50.3,"centroid":[-0.125915,50.840849],"source_objectid":null,"issues":null,"source":"traffic_order","source_text":"Waverley Crescent, E side: From a point 12.5 metres north of the Southern building line of No.36 Waverley Crescent southwards for 23 metres","source_url":"https://tro.tpt.gov.uk/TRO/Brighton%20and%20Hove/912-CPZ-Amend-4-2026-TRO16a2025.pdf","price_band":null}},{"type":"Feature","id":"permit-z14-4.13-83","geometry":{"type":"Polygon","coordinates":[[[-0.126075,50.840526],[-0.126069,50.840534],[-0.126063,50.840543],[-0.126058,50.840551],[-0.126052,50.84056],[-0.126047,50.840568],[-0.126042,50.840577],[-0.126036,50.840585],[-0.126031,50.840593],[-0.126026,50.840602],[-0.126021,50.84061],[-0.126015,50.840619],[-0.12601,50.840627],[-0.126037,50.840634],[-0.126042,50.840625],[-0.126047,50.840617],[-0.126052,50.840609],[-0.126058,50.8406],[-0.126063,50.840592],[-0.126068,50.840583],[-0.126073,50.840575],[-0.126079,50.840567],[-0.126084,50.840558],[-0.12609,50.84055],[-0.126095,50.840542],[-0.126101,50.840533],[-0.126075,50.840526]]]},"properties":{"id":"permit-z14-4.13-83","type":"permit","zone":"14","red_route":false,"tariff":null,"pay_by_phone":null,"max_stay_mins":null,"no_return_mins":null,"schedule":[{"days":["mon","tue","wed","thu","fri","sat","sun"],"start":"08:00","end":"20:00"}],"days_raw":"Mon to Sun","times_raw":"8 am to 8 pm","max_stay_raw":null,"no_return_raw":null,"layer_raw":"TRO-16a-2025 Part 4.13 item 83","area_m2":24.0,"perimeter_m":28.0,"centroid":[-0.126055,50.840581],"source_objectid":null,"issues":null,"source":"traffic_order","source_text":"Waverley Crescent, E side: From a point 23.5 metres south of the Southern building line of No.36 Waverley Crescent southwards for 12 metres","source_url":"https://tro.tpt.gov.uk/TRO/Brighton%20and%20Hove/912-CPZ-Amend-4-2026-TRO16a2025.pdf","price_band":null}},{"type":"Feature","id":"permit-z14-4.13-84","geometry":{"type":"Polygon","coordinates":[[[-0.126139,50.840432],[-0.126133,50.84044],[-0.126127,50.840448],[-0.126122,50.840456],[-0.126116,50.840463],[-0.126111,50.840471],[-0.126106,50.840479],[-0.126132,50.840486],[-0.126137,50.840478],[-0.126143,50.840471],[-0.126148,50.840463],[-0.126153,50.840455],[-0.126158,50.840448],[-0.126165,50.84044],[-0.126139,50.840432]]]},"properties":{"id":"permit-z14-4.13-84","type":"permit","zone":"14","red_route":false,"tariff":null,"pay_by_phone":null,"max_stay_mins":null,"no_return_mins":null,"schedule":[{"days":["mon","tue","wed","thu","fri","sat","sun"],"start":"08:00","end":"20:00"}],"days_raw":"Mon to Sun","times_raw":"8 am to 8 pm","max_stay_raw":null,"no_return_raw":null,"layer_raw":"TRO-16a-2025 Part 4.13 item 84","area_m2":11.2,"perimeter_m":15.2,"centroid":[-0.126135,50.840469],"source_objectid":null,"issues":null,"source":"traffic_order","source_text":"Waverley Crescent, E side: From a point 1 metres north of the boundary between Nos.22 & 24 Waverley Crescent northwards for 5.5 metres","source_url":"https://tro.tpt.gov.uk/TRO/Brighton%20and%20Hove/912-CPZ-Amend-4-2026-TRO16a2025.pdf","price_band":null}},{"type":"Feature","id":"permit-z14-4.13-85","geometry":{"type":"Polygon","coordinates":[[[-0.126312,50.840248],[-0.126304,50.840255],[-0.126296,50.840263],[-0.126288,50.840271],[-0.126281,50.840278],[-0.126273,50.840286],[-0.126265,50.840293],[-0.126257,50.840301],[-0.126249,50.840308],[-0.126242,50.840316],[-0.126233,50.840324],[-0.126258,50.840334],[-0.126265,50.840326],[-0.126273,50.840318],[-0.126281,50.840311],[-0.126289,50.840303],[-0.126297,50.840296],[-0.126304,50.840288],[-0.126312,50.840281],[-0.12632,50.840273],[-0.126328,50.840265],[-0.126336,50.840258],[-0.126312,50.840248]]]},"properties":{"id":"permit-z14-4.13-85","type":"permit","zone":"14","red_route":false,"tariff":null,"pay_by_phone":null,"max_stay_mins":null,"no_return_mins":null,"schedule":[{"days":["mon","tue","wed","thu","fri","sat","sun"],"start":"08:00","end":"20:00"}],"days_raw":"Mon to Sun","times_raw":"8 am to 8 pm","max_stay_raw":null,"no_return_raw":null,"layer_raw":"TRO-16a-2025 Part 4.13 item 85","area_m2":20.1,"perimeter_m":24.1,"centroid":[-0.126284,50.840294],"source_objectid":null,"issues":null,"source":"traffic_order","source_text":"Waverley Crescent, E side: From a point 12.5 metres south of the boundary between Nos.22 & 24 Waverley Crescent southwards for 10 metres","source_url":"https://tro.tpt.gov.uk/TRO/Brighton%20and%20Hove/912-CPZ-Amend-4-2026-TRO16a2025.pdf","price_band":null}},{"type":"Feature","id":"permit-z14-4.13-86","geometry":{"type":"Polygon","coordinates":[[[-0.126442,50.840134],[-0.126434,50.840141],[-0.126425,50.840148],[-0.126417,50.840154],[-0.126408,50.840161],[-0.126399,50.840168],[-0.126391,50.840175],[-0.126382,50.840182],[-0.126373,50.840189],[-0.126365,50.840197],[-0.126357,50.840204],[-0.126349,50.840212],[-0.126342,50.840219],[-0.126334,50.840226],[-0.126358,50.840236],[-0.126365,50.840229],[-0.126373,50.840221],[-0.12638,50.840214],[-0.126388,50.840207],[-0.126395,50.8402],[-0.126404,50.840193],[-0.126413,50.840186],[-0.126421,50.840179],[-0.12643,50.840173],[-0.126439,50.840166],[-0.126447,50.840159],[-0.126456,50.840152],[-0.126465,50.840146],[-0.126442,50.840134]]]},"properties":{"id":"permit-z14-4.13-86","type":"permit","zone":"14","red_route":false,"tariff":null,"pay_by_phone":null,"max_stay_mins":null,"no_return_mins":null,"schedule":[{"days":["mon","tue","wed","thu","fri","sat","sun"],"start":"08:00","end":"20:00"}],"days_raw":"Mon to Sun","times_raw":"8 am to 8 pm","max_stay_raw":null,"no_return_raw":null,"layer_raw":"TRO-16a-2025 Part 4.13 item 86","area_m2":25.2,"perimeter_m":29.2,"centroid":[-0.126398,50.84018],"source_objectid":null,"issues":null,"source":"traffic_order","source_text":"Waverley Crescent, E side: From a point 2 metres north of the northern building line of No.12 Waverley Crescent northwards for 12.5 metres","source_url":"https://tro.tpt.gov.uk/TRO/Brighton%20and%20Hove/912-CPZ-Amend-4-2026-TRO16a2025.pdf","price_band":null}},{"type":"Feature","id":"permit-z14-4.13-87","geometry":{"type":"Polygon","coordinates":[[[-0.126469,50.841296],[-0.126482,50.841299],[-0.126495,50.841302],[-0.126508,50.841305],[-0.126521,50.841308],[-0.126534,50.841311],[-0.126548,50.841314],[-0.126561,50.841316],[-0.126575,50.841319],[-0.126588,50.841322],[-0.1266,50.841325],[-0.126613,50.841327],[-0.126606,50.841344],[-0.126592,50.841342],[-0.126579,50.841339],[-0.126566,50.841337],[-0.126552,50.841334],[-0.126539,50.841331],[-0.126525,50.841328],[-0.126512,50.841325],[-0.126498,50.841322],[-0.126485,50.841319],[-0.126472,50.841316],[-0.126459,50.841313],[-0.126469,50.841296]]]},"properties":{"id":"permit-z14-4.13-87","type":"permit","zone":"14","red_route":false,"tariff":null,"pay_by_phone":null,"max_stay_mins":null,"no_return_mins":null,"schedule":[{"days":["mon","tue","wed","thu","fri","sat","sun"],"start":"08:00","end":"20:00"}],"days_raw":"Mon to Sun","times_raw":"8 am to 8 pm","max_stay_raw":null,"no_return_raw":null,"layer_raw":"TRO-16a-2025 Part 4.13 item 87","area_m2":21.5,"perimeter_m":25.5,"centroid":[-0.126536,50.841327],"source_objectid":null,"issues":null,"source":"traffic_order","source_text":"Waverley Crescent, S side: From a point 9 metres east of the eastern kerbline of Davey Drive eastwards for 11 metres","source_url":"https://tro.tpt.gov.uk/TRO/Brighton%20and%20Hove/912-CPZ-Amend-4-2026-TRO16a2025.pdf","price_band":null}},{"type":"Feature","id":"permit-z14-4.13-88","geometry":{"type":"Polygon","coordinates":[[[-0.126268,50.841239],[-0.12628,50.841244],[-0.126292,50.841249],[-0.126304,50.841253],[-0.126315,50.841257],[-0.126326,50.841262],[-0.126338,50.841265],[-0.12635,50.841267],[-0.126339,50.841284],[-0.126326,50.841281],[-0.126313,50.841278],[-0.126301,50.841273],[-0.12629,50.841269],[-0.126277,50.841264],[-0.126265,50.841259],[-0.126253,50.841255],[-0.126268,50.841239]]]},"properties":{"id":"permit-z14-4.13-88","type":"permit","zone":"14","red_route":false,"tariff":null,"pay_by_phone":null,"max_stay_mins":null,"no_return_mins":null,"schedule":[{"days":["mon","tue","wed","thu","fri","sat","sun"],"start":"08:00","end":"20:00"}],"days_raw":"Mon to Sun","times_raw":"8 am to 8 pm","max_stay_raw":null,"no_return_raw":null,"layer_raw":"TRO-16a-2025 Part 4.13 item 88","area_m2":13.4,"perimeter_m":17.4,"centroid":[-0.126302,50.841262],"source_objectid":null,"issues":null,"source":"traffic_order","source_text":"Waverley Crescent, S side: From a point 29 metres east of the eastern kerbline of Davey Drive eastwards for 7 metres","source_url":"https://tro.tpt.gov.uk/TRO/Brighton%20and%20Hove/912-CPZ-Amend-4-2026-TRO16a2025.pdf","price_band":null}},{"type":"Feature","id":"permit-z14-4.13-89","geometry":{"type":"Polygon","coordinates":[[[-0.129483,50.839969],[-0.129497,50.83997],[-0.129511,50.839971],[-0.129525,50.839972],[-0.129539,50.839973],[-0.129553,50.839974],[-0.129567,50.839975],[-0.129582,50.839976],[-0.129596,50.839977],[-0.12961,50.839978],[-0.129624,50.83998],[-0.129638,50.839981],[-0.129652,50.839982],[-0.129666,50.839983],[-0.12968,50.839984],[-0.129673,50.840027],[-0.129658,50.840026],[-0.129644,50.840025],[-0.12963,50.840024],[-0.129616,50.840023],[-0.129602,50.840022],[-0.129588,50.840021],[-0.129574,50.84002],[-0.12956,50.840019],[-0.129545,50.840017],[-0.129531,50.840016],[-0.129517,50.840015],[-0.129503,50.840014],[-0.129489,50.840013],[-0.129475,50.840012],[-0.129483,50.839969]]]},"properties":{"id":"permit-z14-4.13-89","type":"permit","zone":"14","red_route":false,"tariff":null,"pay_by_phone":null,"max_stay_mins":null,"no_return_mins":null,"schedule":[{"days":["mon","tue","wed","thu","fri","sat","sun"],"start":"08:00","end":"20:00"}],"days_raw":"Mon to Sun","times_raw":"8 am to 8 pm","max_stay_raw":null,"no_return_raw":null,"layer_raw":"TRO-16a-2025 Part 4.13 item 89","area_m2":67.2,"perimeter_m":37.6,"centroid":[-0.129578,50.839999],"source_objectid":null,"issues":null,"source":"traffic_order","source_text":"Wigmore Close, S side: From a point 2.5 metres west of the eastern property line of No.13 Wigmore Close westwards for 14 metres (3 echelon bays at 51 degrees to the kerb)","source_url":"https://tro.tpt.gov.uk/TRO/Brighton%20and%20Hove/912-CPZ-Amend-4-2026-TRO16a2025.pdf","price_band":null}},{"type":"Feature","id":"shared-z14-5.14-1","geometry":{"type":"Polygon","coordinates":[[[-0.12622,50.842259],[-0.126213,50.842267],[-0.126206,50.842275],[-0.126199,50.842283],[-0.126192,50.84229],[-0.126186,50.842297],[-0.126179,50.842304],[-0.126172,50.842311],[-0.126164,50.842318],[-0.126155,50.842325],[-0.126147,50.842332],[-0.126139,50.84234],[-0.12613,50.842347],[-0.126122,50.842355],[-0.126113,50.842362],[-0.126105,50.84237],[-0.126097,50.842378],[-0.126121,50.842388],[-0.126129,50.84238],[-0.126137,50.842372],[-0.126145,50.842365],[-0.126154,50.842358],[-0.126162,50.84235],[-0.12617,50.842343],[-0.126178,50.842336],[-0.126187,50.842328],[-0.126195,50.842321],[-0.126203,50.842314],[-0.12621,50.842307],[-0.126217,50.842299],[-0.126224,50.842291],[-0.126231,50.842284],[-0.126238,50.842276],[-0.126245,50.842268],[-0.12622,50.842259]]]},"properties":{"id":"shared-z14-5.14-1","type":"shared","zone":"14","red_route":false,"tariff":"Low","pay_by_phone":null,"max_stay_mins":240,"no_return_mins":240,"schedule":[{"days":["mon","tue","wed","thu","fri","sat","sun"],"start":"08:00","end":"20:00"}],"days_raw":"Mon to Sun","times_raw":"8 am to 8 pm","max_stay_raw":"4hrs","no_return_raw":"4hrs","layer_raw":"TRO-16a-2025 Part 5.14 item 1","area_m2":31.6,"perimeter_m":35.6,"centroid":[-0.126173,50.842322],"source_objectid":null,"issues":null,"source":"traffic_order","source_text":"Davey Drive, E side: From a point 28 metres north of the northern building line of No.98 Davey Drive northwards for 16 metres","source_url":"https://tro.tpt.gov.uk/TRO/Brighton%20and%20Hove/912-CPZ-Amend-4-2026-TRO16a2025.pdf","price_band":"low"}},{"type":"Feature","id":"shared-z14-5.14-2","geometry":{"type":"Polygon","coordinates":[[[-0.129682,50.839393],[-0.12967,50.839398],[-0.129658,50.839402],[-0.129645,50.839407],[-0.129633,50.839412],[-0.129621,50.839416],[-0.129609,50.839421],[-0.129596,50.839426],[-0.129584,50.83943],[-0.129572,50.839435],[-0.129561,50.839439],[-0.129549,50.839443],[-0.129536,50.839447],[-0.129524,50.839452],[-0.129512,50.839456],[-0.129499,50.83946],[-0.129486,50.839464],[-0.129474,50.839469],[-0.129461,50.839473],[-0.129449,50.839477],[-0.129436,50.839481],[-0.129424,50.839485],[-0.129412,50.83949],[-0.1294,50.839493],[-0.129387,50.839497],[-0.129375,50.839501],[-0.129362,50.839504],[-0.129349,50.839508],[-0.129336,50.839512],[-0.129323,50.839516],[-0.12931,50.839519],[-0.129297,50.839523],[-0.129286,50.839527],[-0.129274,50.83953],[-0.129261,50.839533],[-0.129249,50.839536],[-0.129235,50.839539],[-0.129222,50.839542],[-0.129208,50.839545],[-0.129195,50.839548],[-0.129181,50.839551],[-0.129168,50.839554],[-0.129155,50.839556],[-0.129143,50.839559],[-0.12913,50.839561],[-0.129117,50.839564],[-0.129104,50.839566],[-0.12909,50.839568],[-0.129076,50.83957],[-0.129062,50.839573],[-0.129049,50.839575],[-0.129035,50.839577],[-0.129021,50.839579],[-0.129007,50.839582],[-0.128994,50.839584],[-0.12898,50.839586],[-0.128966,50.839589],[-0.128953,50.839591],[-0.12894,50.839593],[-0.128927,50.839595],[-0.128913,50.839596],[-0.128899,50.839598],[-0.128905,50.839616],[-0.128919,50.839614],[-0.128933,50.839612],[-0.128946,50.839611],[-0.12896,50.839608],[-0.128973,50.839606],[-0.128987,50.839604],[-0.129001,50.839602],[-0.129015,50.839599],[-0.129028,50.839597],[-0.129042,50.839595],[-0.129056,50.839592],[-0.12907,50.83959],[-0.129083,50.839588],[-0.129097,50.839586],[-0.129111,50.839583],[-0.129125,50.839581],[-0.129138,50.839579],[-0.129151,50.839577],[-0.129164,50.839574],[-0.129177,50.839571],[-0.129191,50.839568],[-0.129204,50.839565],[-0.129218,50.839562],[-0.129231,50.839559],[-0.129245,50.839556],[-0.129258,50.839553],[-0.129271,50.83955],[-0.129284,50.839547],[-0.129297,50.839543],[-0.129309,50.83954],[-0.129322,50.839536],[-0.129335,50.839532],[-0.129348,50.839528],[-0.129361,50.839525],[-0.129374,50.839521],[-0.129387,50.839517],[-0.1294,50.839513],[-0.129412,50.83951],[-0.129425,50.839506],[-0.129437,50.839502],[-0.12945,50.839497],[-0.129462,50.839493],[-0.129475,50.839489],[-0.129487,50.839485],[-0.1295,50.83948],[-0.129512,50.839476],[-0.129525,50.839472],[-0.129537,50.839468],[-0.12955,50.839463],[-0.129562,50.839459],[-0.129575,50.839455],[-0.129587,50.83945],[-0.129599,50.839446],[-0.129611,50.839441],[-0.129623,50.839437],[-0.129635,50.839432],[-0.129648,50.839427],[-0.12966,50.839423],[-0.129672,50.839418],[-0.129684,50.839413],[-0.129697,50.839409],[-0.129682,50.839393]]]},"properties":{"id":"shared-z14-5.14-2","type":"shared","zone":"14","red_route":false,"tariff":"Low","pay_by_phone":null,"max_stay_mins":240,"no_return_mins":240,"schedule":[{"days":["mon","tue","wed","thu","fri","sat","sun"],"start":"08:00","end":"20:00"}],"days_raw":"Mon to Sun","times_raw":"8 am to 8 pm","max_stay_raw":"4hrs","no_return_raw":"4hrs","layer_raw":"TRO-16a-2025 Part 5.14 item 2","area_m2":120.4,"perimeter_m":124.4,"centroid":[-0.129306,50.83952],"source_objectid":null,"issues":null,"source":"traffic_order","source_text":"Davey Drive, E side: From a point 9.5 metres west of the western kerbline of Southmount westwards for 61 metres","source_url":"https://tro.tpt.gov.uk/TRO/Brighton%20and%20Hove/912-CPZ-Amend-4-2026-TRO16a2025.pdf","price_band":"low"}},{"type":"Feature","id":"shared-z14-5.14-3","geometry":{"type":"Polygon","coordinates":[[[-0.129712,50.843141],[-0.129711,50.84315],[-0.12971,50.843159],[-0.129709,50.843168],[-0.129709,50.843177],[-0.129708,50.843186],[-0.129707,50.843195],[-0.129706,50.843204],[-0.129706,50.843213],[-0.129705,50.843222],[-0.129704,50.843231],[-0.129703,50.84324],[-0.129702,50.843249],[-0.129702,50.843258],[-0.129701,50.843267],[-0.1297,50.843276],[-0.129699,50.843285],[-0.129699,50.843294],[-0.129698,50.843303],[-0.129697,50.843312],[-0.129696,50.843321],[-0.129696,50.84333],[-0.129695,50.843339],[-0.129694,50.843348],[-0.129693,50.843357],[-0.129693,50.843367],[-0.129692,50.843376],[-0.129691,50.843385],[-0.12969,50.843394],[-0.129689,50.843403],[-0.129689,50.843412],[-0.129688,50.843421],[-0.129687,50.84343],[-0.129686,50.843439],[-0.129686,50.843448],[-0.129685,50.843457],[-0.129684,50.843466],[-0.129683,50.843475],[-0.129683,50.843484],[-0.129682,50.843493],[-0.129681,50.843502],[-0.12968,50.843511],[-0.12968,50.84352],[-0.129679,50.843529],[-0.129678,50.843538],[-0.129677,50.843547],[-0.129677,50.843556],[-0.129676,50.843565],[-0.129675,50.843574],[-0.129674,50.843583],[-0.129673,50.843592],[-0.129673,50.843601],[-0.129672,50.84361],[-0.129671,50.843619],[-0.12967,50.843629],[-0.12967,50.843638],[-0.129669,50.843647],[-0.129668,50.843656],[-0.129667,50.843665],[-0.129667,50.843674],[-0.129666,50.843683],[-0.129637,50.843682],[-0.129638,50.843673],[-0.129639,50.843664],[-0.12964,50.843655],[-0.12964,50.843646],[-0.129641,50.843637],[-0.129642,50.843628],[-0.129643,50.843618],[-0.129644,50.843609],[-0.129644,50.8436],[-0.129645,50.843591],[-0.129646,50.843582],[-0.129647,50.843573],[-0.129647,50.843564],[-0.129648,50.843555],[-0.129649,50.843546],[-0.12965,50.843537],[-0.12965,50.843528],[-0.129651,50.843519],[-0.129652,50.84351],[-0.129653,50.843501],[-0.129653,50.843492],[-0.129654,50.843483],[-0.129655,50.843474],[-0.129656,50.843465],[-0.129657,50.843456],[-0.129657,50.843447],[-0.129658,50.843438],[-0.129659,50.843429],[-0.12966,50.84342],[-0.12966,50.843411],[-0.129661,50.843402],[-0.129662,50.843393],[-0.129663,50.843384],[-0.129663,50.843375],[-0.129664,50.843366],[-0.129665,50.843357],[-0.129666,50.843347],[-0.129666,50.843338],[-0.129667,50.843329],[-0.129668,50.84332],[-0.129669,50.843311],[-0.129669,50.843302],[-0.12967,50.843293],[-0.129671,50.843284],[-0.129672,50.843275],[-0.129673,50.843266],[-0.129673,50.843257],[-0.129674,50.843248],[-0.129675,50.843239],[-0.129676,50.84323],[-0.129676,50.843221],[-0.129677,50.843212],[-0.129678,50.843203],[-0.129679,50.843194],[-0.129679,50.843185],[-0.12968,50.843176],[-0.129681,50.843167],[-0.129682,50.843158],[-0.129682,50.843149],[-0.129683,50.84314],[-0.129712,50.843141]]]},"properties":{"id":"shared-z14-5.14-3","type":"shared","zone":"14","red_route":false,"tariff":"Low","pay_by_phone":null,"max_stay_mins":240,"no_return_mins":240,"schedule":[{"days":["mon","tue","wed","thu","fri","sat","sun"],"start":"08:00","end":"20:00"}],"days_raw":"Mon to Sun","times_raw":"8 am to 8 pm","max_stay_raw":"4hrs","no_return_raw":"4hrs","layer_raw":"TRO-16a-2025 Part 5.14 item 3","area_m2":120.0,"perimeter_m":124.0,"centroid":[-0.129675,50.843413],"source_objectid":null,"issues":null,"source":"traffic_order","source_text":"Dudley Road, W side: From a point 17 metres south of the southern kerbline of Hollingbury Place southwards for 60 metres","source_url":"https://tro.tpt.gov.uk/TRO/Brighton%20and%20Hove/912-CPZ-Amend-4-2026-TRO16a2025.pdf","price_band":"low"}},{"type":"Feature","id":"shared-z14-5.14-4","geometry":{"type":"Polygon","coordinates":[[[-0.129777,50.842372],[-0.129776,50.842381],[-0.129775,50.84239],[-0.129774,50.842399],[-0.129773,50.842408],[-0.129773,50.842417],[-0.129772,50.842426],[-0.129771,50.842435],[-0.12977,50.842444],[-0.12977,50.842453],[-0.129769,50.842462],[-0.129768,50.842471],[-0.129767,50.842481],[-0.129767,50.84249],[-0.129766,50.842499],[-0.129765,50.842508],[-0.129764,50.842517],[-0.129764,50.842526],[-0.129763,50.842535],[-0.129762,50.842544],[-0.129761,50.842553],[-0.129761,50.842562],[-0.12976,50.842571],[-0.129759,50.84258],[-0.129758,50.842589],[-0.129757,50.842598],[-0.129757,50.842607],[-0.129756,50.842616],[-0.129755,50.842625],[-0.129754,50.842634],[-0.129754,50.842643],[-0.129753,50.842652],[-0.129752,50.842661],[-0.129751,50.84267],[-0.129751,50.842679],[-0.12975,50.842688],[-0.129749,50.842697],[-0.129748,50.842706],[-0.129748,50.842715],[-0.129747,50.842724],[-0.129746,50.842733],[-0.129745,50.842742],[-0.129744,50.842752],[-0.129744,50.842761],[-0.129743,50.84277],[-0.129742,50.842779],[-0.129741,50.842788],[-0.129741,50.842797],[-0.12974,50.842806],[-0.129739,50.842815],[-0.129738,50.842824],[-0.129738,50.842833],[-0.129737,50.842842],[-0.129736,50.842851],[-0.129735,50.84286],[-0.129735,50.842869],[-0.129734,50.842878],[-0.129733,50.842887],[-0.129732,50.842896],[-0.129732,50.842905],[-0.129731,50.842914],[-0.12973,50.842923],[-0.129729,50.842932],[-0.129728,50.842941],[-0.129728,50.84295],[-0.129727,50.842959],[-0.129726,50.842968],[-0.129725,50.842977],[-0.129725,50.842986],[-0.129724,50.842995],[-0.129723,50.843004],[-0.129722,50.843014],[-0.129722,50.843023],[-0.129721,50.843032],[-0.12972,50.843041],[-0.129719,50.84305],[-0.129719,50.843059],[-0.129718,50.843068],[-0.129717,50.843077],[-0.129716,50.843086],[-0.129715,50.843095],[-0.129687,50.843094],[-0.129688,50.843085],[-0.129689,50.843076],[-0.129689,50.843067],[-0.12969,50.843058],[-0.129691,50.843049],[-0.129692,50.84304],[-0.129692,50.843031],[-0.129693,50.843022],[-0.129694,50.843013],[-0.129695,50.843003],[-0.129695,50.842994],[-0.129696,50.842985],[-0.129697,50.842976],[-0.129698,50.842967],[-0.129699,50.842958],[-0.129699,50.842949],[-0.1297,50.84294],[-0.129701,50.842931],[-0.129702,50.842922],[-0.129702,50.842913],[-0.129703,50.842904],[-0.129704,50.842895],[-0.129705,50.842886],[-0.129705,50.842877],[-0.129706,50.842868],[-0.129707,50.842859],[-0.129708,50.84285],[-0.129708,50.842841],[-0.129709,50.842832],[-0.12971,50.842823],[-0.129711,50.842814],[-0.129711,50.842805],[-0.129712,50.842796],[-0.129713,50.842787],[-0.129714,50.842778],[-0.129715,50.842769],[-0.129715,50.84276],[-0.129716,50.842751],[-0.129717,50.842742],[-0.129718,50.842732],[-0.129718,50.842723],[-0.129719,50.842714],[-0.12972,50.842705],[-0.129721,50.842696],[-0.129721,50.842687],[-0.129722,50.842678],[-0.129723,50.842669],[-0.129724,50.84266],[-0.129724,50.842651],[-0.129725,50.842642],[-0.129726,50.842633],[-0.129727,50.842624],[-0.129728,50.842615],[-0.129728,50.842606],[-0.129729,50.842597],[-0.12973,50.842588],[-0.129731,50.842579],[-0.129731,50.84257],[-0.129732,50.842561],[-0.129733,50.842552],[-0.129734,50.842543],[-0.129734,50.842534],[-0.129735,50.842525],[-0.129736,50.842516],[-0.129737,50.842507],[-0.129737,50.842498],[-0.129738,50.842489],[-0.129739,50.84248],[-0.12974,50.842471],[-0.12974,50.842461],[-0.129741,50.842452],[-0.129742,50.842443],[-0.129743,50.842434],[-0.129744,50.842425],[-0.129744,50.842416],[-0.129745,50.842407],[-0.129746,50.842398],[-0.129747,50.842389],[-0.129747,50.84238],[-0.129748,50.842371],[-0.129777,50.842372]]]},"properties":{"id":"shared-z14-5.14-4","type":"shared","zone":"14","red_route":false,"tariff":"Low","pay_by_phone":null,"max_stay_mins":240,"no_return_mins":240,"schedule":[{"days":["mon","tue","wed","thu","fri","sat","sun"],"start":"08:00","end":"20:00"}],"days_raw":"Mon to Sun","times_raw":"8 am to 8 pm","max_stay_raw":"4hrs","no_return_raw":"4hrs","layer_raw":"TRO-16a-2025 Part 5.14 item 4","area_m2":160.0,"perimeter_m":164.0,"centroid":[-0.129732,50.842733],"source_objectid":null,"issues":null,"source":"traffic_order","source_text":"Dudley Road, W side: From a point 5 metres north of the northern kerbline of Hollingdean Street northwards for 80 metres","source_url":"https://tro.tpt.gov.uk/TRO/Brighton%20and%20Hove/912-CPZ-Amend-4-2026-TRO16a2025.pdf","price_band":"low"}},{"type":"Feature","id":"shared-z14-5.14-5","geometry":{"type":"Polygon","coordinates":[[[-0.129729,50.841491],[-0.129729,50.8415],[-0.129728,50.841509],[-0.129727,50.841518],[-0.129726,50.841527],[-0.129726,50.841536],[-0.129725,50.841545],[-0.129724,50.841554],[-0.129723,50.841563],[-0.129723,50.841572],[-0.129722,50.841581],[-0.129721,50.84159],[-0.12972,50.841599],[-0.129719,50.841608],[-0.129719,50.841617],[-0.129718,50.841626],[-0.129717,50.841635],[-0.129716,50.841644],[-0.129716,50.841653],[-0.129715,50.841662],[-0.129714,50.841671],[-0.129713,50.841679],[-0.129712,50.841688],[-0.129712,50.841697],[-0.129711,50.841706],[-0.12971,50.841715],[-0.129709,50.841724],[-0.129709,50.841733],[-0.129708,50.841742],[-0.129707,50.841751],[-0.129706,50.84176],[-0.129705,50.841769],[-0.129705,50.841778],[-0.129704,50.841787],[-0.129703,50.841796],[-0.129702,50.841805],[-0.129702,50.841814],[-0.129701,50.841823],[-0.1297,50.841832],[-0.129699,50.841841],[-0.129698,50.84185],[-0.129698,50.841859],[-0.129697,50.841868],[-0.129696,50.841877],[-0.129695,50.841885],[-0.129695,50.841894],[-0.129694,50.841903],[-0.129693,50.841912],[-0.129692,50.841921],[-0.129691,50.84193],[-0.129691,50.841939],[-0.12969,50.841948],[-0.129689,50.841957],[-0.129688,50.841966],[-0.129688,50.841975],[-0.129687,50.841984],[-0.129686,50.841993],[-0.129685,50.842002],[-0.129684,50.842011],[-0.129684,50.84202],[-0.129712,50.842021],[-0.129713,50.842012],[-0.129714,50.842003],[-0.129714,50.841994],[-0.129715,50.841985],[-0.129716,50.841976],[-0.129717,50.841967],[-0.129718,50.841958],[-0.129718,50.841949],[-0.129719,50.84194],[-0.12972,50.841931],[-0.129721,50.841922],[-0.129721,50.841913],[-0.129722,50.841904],[-0.129723,50.841895],[-0.129724,50.841886],[-0.129725,50.841878],[-0.129725,50.841869],[-0.129726,50.84186],[-0.129727,50.841851],[-0.129728,50.841842],[-0.129728,50.841833],[-0.129729,50.841824],[-0.12973,50.841815],[-0.129731,50.841806],[-0.129732,50.841797],[-0.129732,50.841788],[-0.129733,50.841779],[-0.129734,50.84177],[-0.129735,50.841761],[-0.129735,50.841752],[-0.129736,50.841743],[-0.129737,50.841734],[-0.129738,50.841725],[-0.129739,50.841716],[-0.129739,50.841707],[-0.12974,50.841698],[-0.129741,50.841689],[-0.129742,50.84168],[-0.129742,50.841672],[-0.129743,50.841663],[-0.129744,50.841654],[-0.129745,50.841645],[-0.129745,50.841636],[-0.129746,50.841627],[-0.129747,50.841618],[-0.129748,50.841609],[-0.129749,50.8416],[-0.129749,50.841591],[-0.12975,50.841582],[-0.129751,50.841573],[-0.129752,50.841564],[-0.129752,50.841555],[-0.129753,50.841546],[-0.129754,50.841537],[-0.129755,50.841528],[-0.129756,50.841519],[-0.129756,50.84151],[-0.129757,50.841501],[-0.129758,50.841492],[-0.129729,50.841491]]]},"properties":{"id":"shared-z14-5.14-5","type":"shared","zone":"14","red_route":false,"tariff":"Low","pay_by_phone":null,"max_stay_mins":240,"no_return_mins":240,"schedule":[{"days":["mon","tue","wed","thu","fri","sat","sun"],"start":"08:00","end":"20:00"}],"days_raw":"Mon to Sun","times_raw":"8 am to 8 pm","max_stay_raw":"4hrs","no_return_raw":"4hrs","layer_raw":"TRO-16a-2025 Part 5.14 item 5","area_m2":117.0,"perimeter_m":121.0,"centroid":[-0.129721,50.841755],"source_objectid":null,"issues":null,"source":"traffic_order","source_text":"Dudley Road, E side: From the boundary between Nos.20 & 22 Dudley Road northwards for 58.5 metres","source_url":"https://tro.tpt.gov.uk/TRO/Brighton%20and%20Hove/912-CPZ-Amend-4-2026-TRO16a2025.pdf","price_band":"low"}},{"type":"Feature","id":"shared-z14-5.14-6","geometry":{"type":"Polygon","coordinates":[[[-0.129755,50.841197],[-0.129754,50.841205],[-0.129754,50.841214],[-0.129753,50.841223],[-0.129752,50.841232],[-0.129751,50.84124],[-0.12975,50.841249],[-0.12975,50.841258],[-0.129749,50.841266],[-0.129748,50.841275],[-0.129747,50.841284],[-0.129747,50.841292],[-0.129746,50.841301],[-0.129745,50.84131],[-0.129744,50.841319],[-0.129744,50.841327],[-0.129743,50.841336],[-0.129742,50.841345],[-0.129741,50.841353],[-0.129741,50.841362],[-0.12974,50.841371],[-0.129739,50.84138],[-0.129738,50.841388],[-0.129738,50.841397],[-0.129737,50.841406],[-0.129736,50.841414],[-0.129735,50.841423],[-0.129735,50.841432],[-0.129763,50.841433],[-0.129764,50.841424],[-0.129765,50.841415],[-0.129765,50.841407],[-0.129766,50.841398],[-0.129767,50.841389],[-0.129768,50.841381],[-0.129768,50.841372],[-0.129769,50.841363],[-0.12977,50.841354],[-0.129771,50.841346],[-0.129771,50.841337],[-0.129772,50.841328],[-0.129773,50.84132],[-0.129774,50.841311],[-0.129774,50.841302],[-0.129775,50.841293],[-0.129776,50.841285],[-0.129777,50.841276],[-0.129777,50.841267],[-0.129778,50.841259],[-0.129779,50.84125],[-0.12978,50.841241],[-0.12978,50.841233],[-0.129781,50.841224],[-0.129782,50.841215],[-0.129783,50.841206],[-0.129783,50.841198],[-0.129755,50.841197]]]},"properties":{"id":"shared-z14-5.14-6","type":"shared","zone":"14","red_route":false,"tariff":"Low","pay_by_phone":null,"max_stay_mins":240,"no_return_mins":240,"schedule":[{"days":["mon","tue","wed","thu","fri","sat","sun"],"start":"08:00","end":"20:00"}],"days_raw":"Mon to Sun","times_raw":"8 am to 8 pm","max_stay_raw":"4hrs","no_return_raw":"4hrs","layer_raw":"TRO-16a-2025 Part 5.14 item 6","area_m2":52.1,"perimeter_m":56.1,"centroid":[-0.129759,50.841319],"source_objectid":null,"issues":null,"source":"traffic_order","source_text":"Dudley Road, E side: From a point 6.6 metres south of the boundary between Nos.20 & 22 Dudley Road southwards to the boundary between Nos.10 & 12 Dudley Road","source_url":"https://tro.tpt.gov.uk/TRO/Brighton%20and%20Hove/912-CPZ-Amend-4-2026-TRO16a2025.pdf","price_band":"low"}},{"type":"Feature","id":"shared-z14-5.14-7","geometry":{"type":"Polygon","coordinates":[[[-0.130157,50.840674],[-0.130143,50.840675],[-0.130129,50.840676],[-0.130115,50.840677],[-0.130102,50.840678],[-0.130082,50.84068],[-0.130062,50.840682],[-0.130043,50.840688],[-0.130026,50.840694],[-0.130013,50.840698],[-0.130001,50.840702],[-0.129988,50.840707],[-0.129976,50.840711],[-0.129963,50.840716],[-0.129946,50.840722],[-0.12993,50.840729],[-0.129917,50.840738],[-0.129904,50.840746],[-0.129895,50.840753],[-0.129886,50.84076],[-0.129875,50.840768],[-0.129863,50.840777],[-0.129853,50.840787],[-0.129845,50.840798],[-0.129838,50.840807],[-0.129832,50.840815],[-0.129826,50.840824],[-0.12982,50.840833],[-0.129813,50.840842],[-0.129808,50.840852],[-0.129804,50.840862],[-0.1298,50.840871],[-0.129796,50.84088],[-0.129792,50.840888],[-0.129788,50.840897],[-0.129784,50.840908],[-0.129779,50.840919],[-0.129778,50.84093],[-0.129777,50.840941],[-0.129776,50.84095],[-0.129776,50.840959],[-0.129775,50.840967],[-0.129774,50.840976],[-0.129773,50.840985],[-0.129773,50.840994],[-0.129772,50.841003],[-0.129771,50.841012],[-0.12977,50.841021],[-0.129769,50.84103],[-0.129769,50.841039],[-0.129768,50.841048],[-0.129767,50.841057],[-0.129766,50.841066],[-0.129766,50.841075],[-0.129765,50.841084],[-0.129764,50.841092],[-0.129763,50.841101],[-0.129762,50.84111],[-0.129762,50.841119],[-0.129761,50.841128],[-0.12976,50.841137],[-0.129789,50.841138],[-0.129789,50.841129],[-0.12979,50.84112],[-0.129791,50.841111],[-0.129792,50.841102],[-0.129792,50.841093],[-0.129793,50.841085],[-0.129794,50.841076],[-0.129795,50.841067],[-0.129796,50.841058],[-0.129796,50.841049],[-0.129797,50.84104],[-0.129798,50.841031],[-0.129799,50.841022],[-0.129799,50.841013],[-0.1298,50.841004],[-0.129801,50.840995],[-0.129802,50.840986],[-0.129803,50.840977],[-0.129803,50.840968],[-0.129804,50.84096],[-0.129805,50.840951],[-0.129806,50.840942],[-0.129807,50.840932],[-0.129808,50.840921],[-0.129811,50.840912],[-0.129816,50.840902],[-0.12982,50.840893],[-0.129823,50.840885],[-0.129827,50.840876],[-0.129831,50.840867],[-0.129835,50.840858],[-0.12984,50.840849],[-0.129846,50.84084],[-0.129852,50.840831],[-0.129858,50.840823],[-0.129864,50.840815],[-0.12987,50.840806],[-0.129877,50.840796],[-0.129886,50.840787],[-0.129897,50.840779],[-0.129907,50.840772],[-0.129916,50.840765],[-0.129926,50.840758],[-0.129937,50.840751],[-0.129948,50.840743],[-0.129962,50.840737],[-0.129977,50.840731],[-0.12999,50.840727],[-0.130002,50.840723],[-0.130015,50.840718],[-0.130027,50.840714],[-0.130039,50.840709],[-0.130055,50.840704],[-0.13007,50.840699],[-0.130087,50.840698],[-0.130105,50.840696],[-0.130119,50.840695],[-0.130133,50.840694],[-0.130147,50.840693],[-0.130161,50.840692],[-0.130157,50.840674]]]},"properties":{"id":"shared-z14-5.14-7","type":"shared","zone":"14","red_route":false,"tariff":"Low","pay_by_phone":null,"max_stay_mins":240,"no_return_mins":240,"schedule":[{"days":["mon","tue","wed","thu","fri","sat","sun"],"start":"08:00","end":"20:00"}],"days_raw":"Mon to Sun","times_raw":"8 am to 8 pm","max_stay_raw":"4hrs","no_return_raw":"4hrs","layer_raw":"TRO-16a-2025 Part 5.14 item 7","area_m2":128.1,"perimeter_m":132.2,"centroid":[-0.129877,50.840873],"source_objectid":null,"issues":null,"source":"traffic_order","source_text":"Dudley Road, E side: From a point 6.6 metres south of the boundary between Nos.10 & 12 Dudley Road southwards to the western building line of No.2 Dudley Road","source_url":"https://tro.tpt.gov.uk/TRO/Brighton%20and%20Hove/912-CPZ-Amend-4-2026-TRO16a2025.pdf","price_band":"low"}},{"type":"Feature","id":"shared-z14-5.14-8","geometry":{"type":"Polygon","coordinates":[[[-0.131978,50.843788],[-0.131966,50.843793],[-0.131954,50.843797],[-0.131944,50.843801],[-0.131933,50.843805],[-0.131921,50.843808],[-0.131909,50.843811],[-0.131896,50.843814],[-0.131883,50.843818],[-0.131869,50.843821],[-0.131856,50.843825],[-0.131843,50.843828],[-0.131854,50.843845],[-0.131867,50.843841],[-0.13188,50.843838],[-0.131893,50.843834],[-0.131907,50.843831],[-0.13192,50.843827],[-0.131932,50.843824],[-0.131945,50.843821],[-0.131957,50.843817],[-0.131968,50.843813],[-0.13198,50.843809],[-0.131992,50.843804],[-0.131978,50.843788]]]},"properties":{"id":"shared-z14-5.14-8","type":"shared","zone":"14","red_route":false,"tariff":"Low","pay_by_phone":null,"max_stay_mins":240,"no_return_mins":240,"schedule":[{"days":["mon","tue","wed","thu","fri","sat","sun"],"start":"08:00","end":"20:00"}],"days_raw":"Mon to Sun","times_raw":"8 am to 8 pm","max_stay_raw":"4hrs","no_return_raw":"4hrs","layer_raw":"TRO-16a-2025 Part 5.14 item 8","area_m2":21.2,"perimeter_m":25.2,"centroid":[-0.131918,50.843814],"source_objectid":null,"issues":null,"source":"traffic_order","source_text":"Hollingbury Crescent, S side: From the prolongation of the eastern building line of property No.8 Hollingbury Crescent northward for 11 metres","source_url":"https://tro.tpt.gov.uk/TRO/Brighton%20and%20Hove/912-CPZ-Amend-4-2026-TRO16a2025.pdf","price_band":"low"}},{"type":"Feature","id":"shared-z14-5.14-9","geometry":{"type":"Polygon","coordinates":[[[-0.131802,50.84384],[-0.131791,50.843843],[-0.131779,50.843845],[-0.131767,50.843847],[-0.131755,50.84385],[-0.131742,50.843852],[-0.131729,50.843855],[-0.131715,50.843857],[-0.131702,50.84386],[-0.131689,50.843863],[-0.131676,50.843865],[-0.131663,50.843868],[-0.13165,50.84387],[-0.131659,50.843887],[-0.131672,50.843885],[-0.131685,50.843882],[-0.131698,50.84388],[-0.131711,50.843877],[-0.131724,50.843875],[-0.131737,50.843872],[-0.13175,50.84387],[-0.131763,50.843867],[-0.131776,50.843865],[-0.131788,50.843862],[-0.1318,50.84386],[-0.131812,50.843856],[-0.131802,50.84384]]]},"properties":{"id":"shared-z14-5.14-9","type":"shared","zone":"14","red_route":false,"tariff":"Low","pay_by_phone":null,"max_stay_mins":240,"no_return_mins":240,"schedule":[{"days":["mon","tue","wed","thu","fri","sat","sun"],"start":"08:00","end":"20:00"}],"days_raw":"Mon to Sun","times_raw":"8 am to 8 pm","max_stay_raw":"4hrs","no_return_raw":"4hrs","layer_raw":"TRO-16a-2025 Part 5.14 item 9","area_m2":22.5,"perimeter_m":26.5,"centroid":[-0.131731,50.843863],"source_objectid":null,"issues":null,"source":"traffic_order","source_text":"Hollingbury Crescent, S side: From the boundary of Nos.10 & 11 Hollingbury Crescent westwards for 11.5 metres","source_url":"https://tro.tpt.gov.uk/TRO/Brighton%20and%20Hove/912-CPZ-Amend-4-2026-TRO16a2025.pdf","price_band":"low"}},{"type":"Feature","id":"shared-z14-5.14-10","geometry":{"type":"Polygon","coordinates":[[[-0.131539,50.843889],[-0.131525,50.843891],[-0.131511,50.843893],[-0.131497,50.843895],[-0.131483,50.843896],[-0.131469,50.843898],[-0.131457,50.8439],[-0.131444,50.843901],[-0.131431,50.843902],[-0.131418,50.843903],[-0.131404,50.843904],[-0.13139,50.843905],[-0.131376,50.843906],[-0.131379,50.843924],[-0.131393,50.843923],[-0.131407,50.843922],[-0.131421,50.843921],[-0.131435,50.84392],[-0.131448,50.843919],[-0.131462,50.843918],[-0.131475,50.843916],[-0.131489,50.843914],[-0.131503,50.843912],[-0.131517,50.84391],[-0.131531,50.843909],[-0.131544,50.843907],[-0.131539,50.843889]]]},"properties":{"id":"shared-z14-5.14-10","type":"shared","zone":"14","red_route":false,"tariff":"Low","pay_by_phone":null,"max_stay_mins":240,"no_return_mins":240,"schedule":[{"days":["mon","tue","wed","thu","fri","sat","sun"],"start":"08:00","end":"20:00"}],"days_raw":"Mon to Sun","times_raw":"8 am to 8 pm","max_stay_raw":"4hrs","no_return_raw":"4hrs","layer_raw":"TRO-16a-2025 Part 5.14 item 10","area_m2":23.4,"perimeter_m":27.4,"centroid":[-0.13146,50.843917],"source_objectid":null,"issues":null,"source":"traffic_order","source_text":"Hollingbury Crescent, S side: From a point 8.5 metres east of the boundary between Nos.10 & 11 Hollingbury Crescent eastwards for 12 metres","source_url":"https://tro.tpt.gov.uk/TRO/Brighton%20and%20Hove/912-CPZ-Amend-4-2026-TRO16a2025.pdf","price_band":"low"}},{"type":"Feature","id":"shared-z14-5.14-11","geometry":{"type":"Polygon","coordinates":[[[-0.128966,50.843894],[-0.12898,50.843895],[-0.128994,50.843895],[-0.129009,50.843896],[-0.129023,50.843896],[-0.129037,50.843897],[-0.129051,50.843897],[-0.129065,50.843898],[-0.129079,50.843898],[-0.129093,50.843899],[-0.129107,50.843899],[-0.129121,50.8439],[-0.129135,50.8439],[-0.129149,50.843901],[-0.129163,50.843901],[-0.129177,50.843902],[-0.129191,50.843902],[-0.129205,50.843903],[-0.129219,50.843903],[-0.129233,50.843904],[-0.129247,50.843904],[-0.129262,50.843905],[-0.129276,50.843905],[-0.12929,50.843906],[-0.129304,50.843906],[-0.129318,50.843907],[-0.129332,50.843907],[-0.129346,50.843908],[-0.12936,50.843908],[-0.129374,50.843909],[-0.129388,50.843909],[-0.129402,50.84391],[-0.129416,50.84391],[-0.12943,50.843911],[-0.129444,50.843911],[-0.129458,50.843912],[-0.129473,50.843912],[-0.129487,50.843913],[-0.129501,50.843913],[-0.129515,50.843913],[-0.129529,50.843914],[-0.129543,50.843914],[-0.129558,50.843914],[-0.129572,50.843915],[-0.129586,50.843915],[-0.1296,50.843916],[-0.129614,50.843916],[-0.129628,50.843916],[-0.129641,50.843917],[-0.129643,50.843899],[-0.129629,50.843898],[-0.129615,50.843898],[-0.129601,50.843898],[-0.129587,50.843897],[-0.129573,50.843897],[-0.129559,50.843896],[-0.129545,50.843896],[-0.129531,50.843896],[-0.129517,50.843895],[-0.129502,50.843895],[-0.129488,50.843894],[-0.129474,50.843894],[-0.12946,50.843893],[-0.129446,50.843893],[-0.129432,50.843892],[-0.129418,50.843892],[-0.129404,50.843891],[-0.12939,50.843891],[-0.129376,50.84389],[-0.129362,50.84389],[-0.129347,50.843889],[-0.129333,50.843889],[-0.129319,50.843888],[-0.129305,50.843888],[-0.129291,50.843887],[-0.129277,50.843887],[-0.129263,50.843886],[-0.129249,50.843886],[-0.129235,50.843886],[-0.129221,50.843885],[-0.129207,50.843885],[-0.129193,50.843884],[-0.129179,50.843884],[-0.129165,50.843883],[-0.129151,50.843883],[-0.129137,50.843882],[-0.129123,50.843882],[-0.129109,50.843881],[-0.129094,50.843881],[-0.12908,50.84388],[-0.129066,50.84388],[-0.129052,50.843879],[-0.129038,50.843879],[-0.129024,50.843878],[-0.12901,50.843878],[-0.128996,50.843877],[-0.128982,50.843877],[-0.128968,50.843876],[-0.128966,50.843894]]]},"properties":{"id":"shared-z14-5.14-11","type":"shared","zone":"14","red_route":false,"tariff":"Low","pay_by_phone":null,"max_stay_mins":240,"no_return_mins":240,"schedule":[{"days":["mon","tue","wed","thu","fri","sat","sun"],"start":"08:00","end":"20:00"}],"days_raw":"Mon to Sun","times_raw":"8 am to 8 pm","max_stay_raw":"4hrs","no_return_raw":"4hrs","layer_raw":"TRO-16a-2025 Part 5.14 item 11","area_m2":95.0,"perimeter_m":99.0,"centroid":[-0.129305,50.8439],"source_objectid":null,"issues":null,"source":"traffic_order","source_text":"Hollingbury Place, N side: From a point 23 metres east of the boundary between property Nos.23 & 25 Hollingbury Place eastwards for 47.5 metres","source_url":"https://tro.tpt.gov.uk/TRO/Brighton%20and%20Hove/912-CPZ-Amend-4-2026-TRO16a2025.pdf","price_band":"low"}},{"type":"Feature","id":"shared-z14-5.14-12","geometry":{"type":"Polygon","coordinates":[[[-0.131269,50.843663],[-0.131268,50.843671],[-0.131267,50.84368],[-0.131267,50.843689],[-0.131266,50.843698],[-0.131265,50.843707],[-0.131265,50.843715],[-0.131264,50.843724],[-0.131263,50.843733],[-0.131263,50.843742],[-0.131262,50.843751],[-0.131261,50.84376],[-0.131261,50.843768],[-0.13126,50.843777],[-0.131259,50.843786],[-0.131259,50.843795],[-0.131258,50.843804],[-0.131257,50.843812],[-0.131257,50.843821],[-0.131256,50.84383],[-0.131255,50.843839],[-0.131284,50.84384],[-0.131285,50.843831],[-0.131285,50.843822],[-0.131286,50.843813],[-0.131287,50.843804],[-0.131287,50.843796],[-0.131288,50.843787],[-0.131289,50.843778],[-0.131289,50.843769],[-0.13129,50.84376],[-0.131291,50.843752],[-0.131291,50.843743],[-0.131292,50.843734],[-0.131292,50.843725],[-0.131293,50.843716],[-0.131294,50.843708],[-0.131294,50.843699],[-0.131295,50.84369],[-0.131296,50.843681],[-0.131296,50.843672],[-0.131297,50.843663],[-0.131269,50.843663]]]},"properties":{"id":"shared-z14-5.14-12","type":"shared","zone":"14","red_route":false,"tariff":"Low","pay_by_phone":null,"max_stay_mins":240,"no_return_mins":240,"schedule":[{"days":["mon","tue","wed","thu","fri","sat","sun"],"start":"08:00","end":"20:00"}],"days_raw":"Mon to Sun","times_raw":"8 am to 8 pm","max_stay_raw":"4hrs","no_return_raw":"4hrs","layer_raw":"TRO-16a-2025 Part 5.14 item 12","area_m2":39.0,"perimeter_m":43.0,"centroid":[-0.131276,50.843754],"source_objectid":null,"issues":null,"source":"traffic_order","source_text":"Hollingdean Terrace, E side: From a point 9 metres south of the southern kerbline of Hollingbury Place southwards for 19.5 metres","source_url":"https://tro.tpt.gov.uk/TRO/Brighton%20and%20Hove/912-CPZ-Amend-4-2026-TRO16a2025.pdf","price_band":"low"}},{"type":"Feature","id":"shared-z14-5.14-13","geometry":{"type":"Polygon","coordinates":[[[-0.131349,50.842628],[-0.131348,50.842637],[-0.131347,50.842646],[-0.131347,50.842655],[-0.131346,50.842664],[-0.131345,50.842673],[-0.131344,50.842682],[-0.131344,50.842691],[-0.131343,50.8427],[-0.131342,50.842709],[-0.131342,50.842718],[-0.131341,50.842727],[-0.13134,50.842736],[-0.13134,50.842746],[-0.131339,50.842755],[-0.131338,50.842764],[-0.131338,50.842773],[-0.131337,50.842782],[-0.131336,50.842791],[-0.131336,50.8428],[-0.131335,50.842809],[-0.131334,50.842818],[-0.131334,50.842827],[-0.131333,50.842836],[-0.131332,50.842845],[-0.131332,50.842854],[-0.131331,50.842863],[-0.13133,50.842872],[-0.13133,50.842881],[-0.131329,50.84289],[-0.131328,50.842899],[-0.131328,50.842908],[-0.131327,50.842917],[-0.131326,50.842926],[-0.131326,50.842935],[-0.131325,50.842944],[-0.131324,50.842953],[-0.131324,50.842962],[-0.131323,50.842971],[-0.131322,50.84298],[-0.131321,50.842989],[-0.131321,50.842999],[-0.13132,50.843008],[-0.131319,50.843017],[-0.131319,50.843026],[-0.131318,50.843035],[-0.131317,50.843044],[-0.131317,50.843053],[-0.131316,50.843062],[-0.131315,50.843071],[-0.131315,50.84308],[-0.131314,50.843089],[-0.131313,50.843098],[-0.131313,50.843107],[-0.131312,50.843116],[-0.131311,50.843125],[-0.131311,50.843134],[-0.13131,50.843143],[-0.131309,50.843152],[-0.131309,50.843161],[-0.131308,50.84317],[-0.131307,50.843179],[-0.131307,50.843188],[-0.131306,50.843197],[-0.131305,50.843206],[-0.131305,50.843215],[-0.131304,50.843224],[-0.131303,50.843233],[-0.131302,50.843243],[-0.131302,50.843252],[-0.131301,50.843261],[-0.1313,50.84327],[-0.1313,50.843279],[-0.131299,50.843288],[-0.131298,50.843297],[-0.131298,50.843306],[-0.131297,50.843315],[-0.131296,50.843324],[-0.131296,50.843333],[-0.131295,50.843342],[-0.131294,50.843351],[-0.131294,50.84336],[-0.131293,50.843369],[-0.131292,50.843378],[-0.131292,50.843387],[-0.131291,50.843396],[-0.13129,50.843405],[-0.13129,50.843414],[-0.131289,50.843423],[-0.131288,50.843432],[-0.131288,50.843441],[-0.131287,50.84345],[-0.131286,50.843459],[-0.131285,50.843468],[-0.131285,50.843477],[-0.131284,50.843486],[-0.131283,50.843496],[-0.131283,50.843505],[-0.131282,50.843514],[-0.131281,50.843523],[-0.131281,50.843532],[-0.13128,50.843541],[-0.131279,50.84355],[-0.131279,50.843559],[-0.131278,50.843568],[-0.131277,50.843577],[-0.131277,50.843586],[-0.131276,50.843595],[-0.131275,50.843604],[-0.131275,50.843613],[-0.131274,50.843622],[-0.131273,50.843631],[-0.131302,50.843632],[-0.131302,50.843623],[-0.131303,50.843614],[-0.131304,50.843605],[-0.131304,50.843596],[-0.131305,50.843587],[-0.131306,50.843578],[-0.131306,50.843569],[-0.131307,50.84356],[-0.131308,50.843551],[-0.131308,50.843542],[-0.131309,50.843533],[-0.13131,50.843523],[-0.131311,50.843514],[-0.131311,50.843505],[-0.131312,50.843496],[-0.131313,50.843487],[-0.131313,50.843478],[-0.131314,50.843469],[-0.131315,50.84346],[-0.131315,50.843451],[-0.131316,50.843442],[-0.131317,50.843433],[-0.131317,50.843424],[-0.131318,50.843415],[-0.131319,50.843406],[-0.131319,50.843397],[-0.13132,50.843388],[-0.131321,50.843379],[-0.131321,50.84337],[-0.131322,50.843361],[-0.131323,50.843352],[-0.131323,50.843343],[-0.131324,50.843334],[-0.131325,50.843325],[-0.131325,50.843316],[-0.131326,50.843307],[-0.131327,50.843298],[-0.131327,50.843289],[-0.131328,50.84328],[-0.131329,50.84327],[-0.13133,50.843261],[-0.13133,50.843252],[-0.131331,50.843243],[-0.131332,50.843234],[-0.131332,50.843225],[-0.131333,50.843216],[-0.131334,50.843207],[-0.131334,50.843198],[-0.131335,50.843189],[-0.131336,50.84318],[-0.131336,50.843171],[-0.131337,50.843162],[-0.131338,50.843153],[-0.131338,50.843144],[-0.131339,50.843135],[-0.13134,50.843126],[-0.13134,50.843117],[-0.131341,50.843108],[-0.131342,50.843099],[-0.131342,50.84309],[-0.131343,50.843081],[-0.131344,50.843072],[-0.131344,50.843063],[-0.131345,50.843054],[-0.131346,50.843045],[-0.131347,50.843036],[-0.131347,50.843027],[-0.131348,50.843017],[-0.131349,50.843008],[-0.131349,50.842999],[-0.13135,50.84299],[-0.131351,50.842981],[-0.131351,50.842972],[-0.131352,50.842963],[-0.131353,50.842954],[-0.131353,50.842945],[-0.131354,50.842936],[-0.131355,50.842927],[-0.131355,50.842918],[-0.131356,50.842909],[-0.131357,50.8429],[-0.131357,50.842891],[-0.131358,50.842882],[-0.131359,50.842873],[-0.131359,50.842864],[-0.13136,50.842855],[-0.131361,50.842846],[-0.131361,50.842837],[-0.131362,50.842828],[-0.131363,50.842819],[-0.131363,50.84281],[-0.131364,50.842801],[-0.131365,50.842792],[-0.131365,50.842783],[-0.131366,50.842773],[-0.131367,50.842764],[-0.131367,50.842755],[-0.131368,50.842746],[-0.131369,50.842737],[-0.13137,50.842728],[-0.13137,50.842719],[-0.131371,50.84271],[-0.131372,50.842701],[-0.131372,50.842692],[-0.131373,50.842683],[-0.131374,50.842674],[-0.131374,50.842665],[-0.131375,50.842656],[-0.131376,50.842647],[-0.131376,50.842638],[-0.131377,50.842629],[-0.131349,50.842628]]]},"properties":{"id":"shared-z14-5.14-13","type":"shared","zone":"14","red_route":false,"tariff":"Low","pay_by_phone":null,"max_stay_mins":240,"no_return_mins":240,"schedule":[{"days":["mon","tue","wed","thu","fri","sat","sun"],"start":"08:00","end":"20:00"}],"days_raw":"Mon to Sun","times_raw":"8 am to 8 pm","max_stay_raw":"4hrs","no_return_raw":"4hrs","layer_raw":"TRO-16a-2025 Part 5.14 item 13","area_m2":222.0,"perimeter_m":226.0,"centroid":[-0.131325,50.843126],"source_objectid":null,"issues":null,"source":"traffic_order","source_text":"Hollingdean Terrace, E side: From a point 32 metres south of the southern kerbline of Hollingbury Place southwards for 111 metres","source_url":"https://tro.tpt.gov.uk/TRO/Brighton%20and%20Hove/912-CPZ-Amend-4-2026-TRO16a2025.pdf","price_band":"low"}},{"type":"Feature","id":"shared-z14-5.14-14","geometry":{"type":"Polygon","coordinates":[[[-0.131367,50.842429],[-0.131367,50.842438],[-0.131366,50.842447],[-0.131366,50.842456],[-0.131365,50.842464],[-0.131364,50.842473],[-0.131364,50.842482],[-0.131363,50.842491],[-0.131362,50.842499],[-0.131362,50.842508],[-0.131361,50.842517],[-0.13136,50.842526],[-0.13136,50.842534],[-0.131359,50.842543],[-0.131358,50.842552],[-0.131358,50.842561],[-0.131357,50.842569],[-0.131385,50.84257],[-0.131386,50.842562],[-0.131387,50.842553],[-0.131387,50.842544],[-0.131388,50.842535],[-0.131389,50.842527],[-0.131389,50.842518],[-0.13139,50.842509],[-0.131391,50.8425],[-0.131391,50.842492],[-0.131392,50.842483],[-0.131393,50.842474],[-0.131393,50.842465],[-0.131394,50.842457],[-0.131395,50.842448],[-0.131395,50.842439],[-0.131396,50.84243],[-0.131367,50.842429]]]},"properties":{"id":"shared-z14-5.14-14","type":"shared","zone":"14","red_route":false,"tariff":"Low","pay_by_phone":null,"max_stay_mins":240,"no_return_mins":240,"schedule":[{"days":["mon","tue","wed","thu","fri","sat","sun"],"start":"08:00","end":"20:00"}],"days_raw":"Mon to Sun","times_raw":"8 am to 8 pm","max_stay_raw":"4hrs","no_return_raw":"4hrs","layer_raw":"TRO-16a-2025 Part 5.14 item 14","area_m2":31.0,"perimeter_m":35.0,"centroid":[-0.131377,50.842498],"source_objectid":null,"issues":null,"source":"traffic_order","source_text":"Hollingdean Terrace, E side: From a point 5 metres north of the northern kerbline of Hollingdean Street northwards for 15.5 metres","source_url":"https://tro.tpt.gov.uk/TRO/Brighton%20and%20Hove/912-CPZ-Amend-4-2026-TRO16a2025.pdf","price_band":"low"}},{"type":"Feature","id":"shared-z14-5.14-15","geometry":{"type":"Polygon","coordinates":[[[-0.131475,50.841192],[-0.131474,50.841201],[-0.131474,50.84121],[-0.131473,50.841219],[-0.131472,50.841228],[-0.131471,50.841237],[-0.13147,50.841246],[-0.13147,50.841255],[-0.131469,50.841264],[-0.131468,50.841273],[-0.131467,50.841282],[-0.131466,50.841291],[-0.131466,50.8413],[-0.131465,50.841309],[-0.131464,50.841318],[-0.131463,50.841327],[-0.131462,50.841336],[-0.131462,50.841345],[-0.131461,50.841354],[-0.13146,50.841363],[-0.131459,50.841372],[-0.131458,50.841381],[-0.131458,50.84139],[-0.131457,50.841399],[-0.131456,50.841408],[-0.131455,50.841417],[-0.131454,50.841427],[-0.131454,50.841436],[-0.131453,50.841445],[-0.131452,50.841454],[-0.131451,50.841463],[-0.13145,50.841472],[-0.13145,50.841481],[-0.131449,50.84149],[-0.131448,50.841499],[-0.131447,50.841508],[-0.131446,50.841517],[-0.131446,50.841526],[-0.131445,50.841535],[-0.131444,50.841544],[-0.131443,50.841553],[-0.131443,50.841562],[-0.131442,50.841571],[-0.131441,50.84158],[-0.13144,50.841589],[-0.131439,50.841598],[-0.131439,50.841607],[-0.131438,50.841616],[-0.131437,50.841625],[-0.131436,50.841634],[-0.131435,50.841643],[-0.131435,50.841652],[-0.131434,50.841661],[-0.131433,50.84167],[-0.131432,50.841679],[-0.131431,50.841688],[-0.131431,50.841697],[-0.13143,50.841707],[-0.131429,50.841716],[-0.131428,50.841725],[-0.131427,50.841734],[-0.131427,50.841743],[-0.131426,50.841752],[-0.131425,50.841761],[-0.131424,50.84177],[-0.131423,50.841779],[-0.131423,50.841788],[-0.131422,50.841797],[-0.131421,50.841806],[-0.13142,50.841815],[-0.131419,50.841824],[-0.131419,50.841833],[-0.131418,50.841842],[-0.131417,50.841851],[-0.131416,50.84186],[-0.131415,50.841869],[-0.131415,50.841878],[-0.131414,50.841887],[-0.131413,50.841896],[-0.131412,50.841905],[-0.131411,50.841914],[-0.131411,50.841923],[-0.13141,50.841932],[-0.131409,50.841941],[-0.131408,50.84195],[-0.131407,50.841959],[-0.131407,50.841968],[-0.131406,50.841978],[-0.131405,50.841986],[-0.131404,50.841995],[-0.131403,50.842004],[-0.131403,50.842013],[-0.131402,50.842022],[-0.131401,50.842031],[-0.1314,50.84204],[-0.131399,50.84205],[-0.131398,50.842059],[-0.131397,50.842068],[-0.131396,50.842077],[-0.131395,50.842086],[-0.131395,50.842095],[-0.131394,50.842104],[-0.131393,50.842113],[-0.131392,50.842122],[-0.131391,50.842131],[-0.13139,50.84214],[-0.131389,50.842149],[-0.131388,50.842158],[-0.131387,50.842167],[-0.131387,50.842176],[-0.131386,50.842185],[-0.131385,50.842194],[-0.131384,50.842203],[-0.131383,50.842212],[-0.131382,50.842221],[-0.131381,50.84223],[-0.13138,50.842239],[-0.131379,50.842248],[-0.131379,50.842257],[-0.131378,50.842266],[-0.131406,50.842267],[-0.131407,50.842258],[-0.131408,50.842249],[-0.131409,50.84224],[-0.13141,50.842231],[-0.131411,50.842222],[-0.131411,50.842213],[-0.131412,50.842204],[-0.131413,50.842195],[-0.131414,50.842186],[-0.131415,50.842177],[-0.131416,50.842168],[-0.131417,50.842159],[-0.131418,50.84215],[-0.131419,50.842141],[-0.131419,50.842132],[-0.13142,50.842123],[-0.131421,50.842114],[-0.131422,50.842105],[-0.131423,50.842096],[-0.131424,50.842087],[-0.131425,50.842078],[-0.131426,50.842069],[-0.131427,50.84206],[-0.131427,50.842051],[-0.131428,50.842042],[-0.131429,50.842033],[-0.13143,50.842024],[-0.131431,50.842015],[-0.131432,50.842006],[-0.131433,50.841997],[-0.131433,50.841988],[-0.131434,50.841979],[-0.131435,50.841969],[-0.131436,50.84196],[-0.131437,50.841951],[-0.131437,50.841942],[-0.131438,50.841933],[-0.131439,50.841924],[-0.13144,50.841915],[-0.131441,50.841906],[-0.131441,50.841897],[-0.131442,50.841888],[-0.131443,50.841879],[-0.131444,50.84187],[-0.131445,50.841861],[-0.131445,50.841852],[-0.131446,50.841843],[-0.131447,50.841834],[-0.131448,50.841825],[-0.131449,50.841816],[-0.131449,50.841807],[-0.13145,50.841798],[-0.131451,50.841789],[-0.131452,50.84178],[-0.131453,50.841771],[-0.131453,50.841762],[-0.131454,50.841753],[-0.131455,50.841744],[-0.131456,50.841735],[-0.131457,50.841726],[-0.131457,50.841717],[-0.131458,50.841708],[-0.131459,50.841699],[-0.13146,50.841689],[-0.131461,50.84168],[-0.131461,50.841671],[-0.131462,50.841662],[-0.131463,50.841653],[-0.131464,50.841644],[-0.131465,50.841635],[-0.131465,50.841626],[-0.131466,50.841617],[-0.131467,50.841608],[-0.131468,50.841599],[-0.131469,50.84159],[-0.131469,50.841581],[-0.13147,50.841572],[-0.131471,50.841563],[-0.131472,50.841554],[-0.131473,50.841545],[-0.131473,50.841536],[-0.131474,50.841527],[-0.131475,50.841518],[-0.131476,50.841509],[-0.131476,50.8415],[-0.131477,50.841491],[-0.131478,50.841482],[-0.131479,50.841473],[-0.13148,50.841464],[-0.13148,50.841455],[-0.131481,50.841446],[-0.131482,50.841437],[-0.131483,50.841428],[-0.131484,50.841419],[-0.131484,50.841409],[-0.131485,50.8414],[-0.131486,50.841391],[-0.131487,50.841382],[-0.131488,50.841373],[-0.131488,50.841364],[-0.131489,50.841355],[-0.13149,50.841346],[-0.131491,50.841337],[-0.131492,50.841328],[-0.131492,50.841319],[-0.131493,50.84131],[-0.131494,50.841301],[-0.131495,50.841292],[-0.131496,50.841283],[-0.131496,50.841274],[-0.131497,50.841265],[-0.131498,50.841256],[-0.131499,50.841247],[-0.1315,50.841238],[-0.1315,50.841229],[-0.131501,50.84122],[-0.131502,50.841211],[-0.131503,50.841202],[-0.131504,50.841193],[-0.131475,50.841192]]]},"properties":{"id":"shared-z14-5.14-15","type":"shared","zone":"14","red_route":false,"tariff":"Low","pay_by_phone":null,"max_stay_mins":240,"no_return_mins":240,"schedule":[{"days":["mon","tue","wed","thu","fri","sat","sun"],"start":"08:00","end":"20:00"}],"days_raw":"Mon to Sun","times_raw":"8 am to 8 pm","max_stay_raw":"4hrs","no_return_raw":"4hrs","layer_raw":"TRO-16a-2025 Part 5.14 item 15","area_m2":238.0,"perimeter_m":242.0,"centroid":[-0.131442,50.841731],"source_objectid":null,"issues":null,"source":"traffic_order","source_text":"Hollingdean Terrace, E side: From a point 5 metres south of the southern kerbline of Hollingdean Street southwards for 119 metres","source_url":"https://tro.tpt.gov.uk/TRO/Brighton%20and%20Hove/912-CPZ-Amend-4-2026-TRO16a2025.pdf","price_band":"low"}},{"type":"Feature","id":"shared-z14-5.14-16","geometry":{"type":"Polygon","coordinates":[[[-0.131494,50.840979],[-0.131493,50.840988],[-0.131492,50.840997],[-0.131492,50.841006],[-0.131491,50.841014],[-0.13149,50.841023],[-0.131489,50.841032],[-0.131488,50.841041],[-0.131488,50.84105],[-0.131487,50.841058],[-0.131486,50.841067],[-0.131485,50.841076],[-0.131485,50.841085],[-0.131484,50.841094],[-0.131483,50.841103],[-0.131482,50.841111],[-0.131481,50.84112],[-0.131481,50.841129],[-0.13148,50.841138],[-0.131479,50.841147],[-0.131478,50.841155],[-0.131507,50.841156],[-0.131508,50.841148],[-0.131508,50.841139],[-0.131509,50.84113],[-0.13151,50.841121],[-0.131511,50.841112],[-0.131511,50.841104],[-0.131512,50.841095],[-0.131513,50.841086],[-0.131514,50.841077],[-0.131515,50.841068],[-0.131515,50.841059],[-0.131516,50.841051],[-0.131517,50.841042],[-0.131518,50.841033],[-0.131518,50.841024],[-0.131519,50.841015],[-0.13152,50.841007],[-0.131521,50.840998],[-0.131522,50.840989],[-0.131522,50.84098],[-0.131494,50.840979]]]},"properties":{"id":"shared-z14-5.14-16","type":"shared","zone":"14","red_route":false,"tariff":"Low","pay_by_phone":null,"max_stay_mins":240,"no_return_mins":240,"schedule":[{"days":["mon","tue","wed","thu","fri","sat","sun"],"start":"08:00","end":"20:00"}],"days_raw":"Mon to Sun","times_raw":"8 am to 8 pm","max_stay_raw":"4hrs","no_return_raw":"4hrs","layer_raw":"TRO-16a-2025 Part 5.14 item 16","area_m2":39.0,"perimeter_m":43.0,"centroid":[-0.1315,50.841068],"source_objectid":null,"issues":null,"source":"traffic_order","source_text":"Hollingdean Terrace, E side: From a point 5 metres north of the northern kerbline of Hollingdean Terrace northwards for 19.5 metres","source_url":"https://tro.tpt.gov.uk/TRO/Brighton%20and%20Hove/912-CPZ-Amend-4-2026-TRO16a2025.pdf","price_band":"low"}},{"type":"Feature","id":"shared-z14-5.14-17","geometry":{"type":"Polygon","coordinates":[[[-0.130906,50.840813],[-0.13092,50.840816],[-0.130933,50.840818],[-0.130946,50.840821],[-0.13096,50.840823],[-0.130973,50.840826],[-0.130987,50.840829],[-0.131,50.840831],[-0.131013,50.840834],[-0.131027,50.840837],[-0.13104,50.840839],[-0.131054,50.840842],[-0.131067,50.840845],[-0.13108,50.840847],[-0.131094,50.84085],[-0.131107,50.840853],[-0.131121,50.840855],[-0.131134,50.840858],[-0.131147,50.84086],[-0.131161,50.840863],[-0.131174,50.840866],[-0.131188,50.840868],[-0.131201,50.840871],[-0.131214,50.840874],[-0.131228,50.840876],[-0.131241,50.840879],[-0.131256,50.840882],[-0.13127,50.840885],[-0.131285,50.840887],[-0.1313,50.840889],[-0.131314,50.840891],[-0.131328,50.840892],[-0.131342,50.840894],[-0.131355,50.840896],[-0.131369,50.840898],[-0.131383,50.8409],[-0.131397,50.840901],[-0.13141,50.840903],[-0.131416,50.840885],[-0.131402,50.840884],[-0.131389,50.840882],[-0.131375,50.84088],[-0.131361,50.840878],[-0.131347,50.840876],[-0.131334,50.840875],[-0.13132,50.840873],[-0.131306,50.840871],[-0.131292,50.840869],[-0.131277,50.840867],[-0.131264,50.840864],[-0.13125,50.840862],[-0.131236,50.840859],[-0.131223,50.840856],[-0.13121,50.840854],[-0.131196,50.840851],[-0.131183,50.840848],[-0.131169,50.840846],[-0.131156,50.840843],[-0.131142,50.840841],[-0.131129,50.840838],[-0.131116,50.840835],[-0.131102,50.840833],[-0.131089,50.84083],[-0.131075,50.840827],[-0.131062,50.840825],[-0.131049,50.840822],[-0.131035,50.840819],[-0.131022,50.840817],[-0.131008,50.840814],[-0.130995,50.840811],[-0.130982,50.840809],[-0.130968,50.840806],[-0.130955,50.840804],[-0.130941,50.840801],[-0.130928,50.840798],[-0.130915,50.840796],[-0.130906,50.840813]]]},"properties":{"id":"shared-z14-5.14-17","type":"shared","zone":"14","red_route":false,"tariff":"Low","pay_by_phone":null,"max_stay_mins":240,"no_return_mins":240,"schedule":[{"days":["mon","tue","wed","thu","fri","sat","sun"],"start":"08:00","end":"20:00"}],"days_raw":"Mon to Sun","times_raw":"8 am to 8 pm","max_stay_raw":"4hrs","no_return_raw":"4hrs","layer_raw":"TRO-16a-2025 Part 5.14 item 17","area_m2":73.5,"perimeter_m":77.5,"centroid":[-0.131161,50.840854],"source_objectid":null,"issues":null,"source":"traffic_order","source_text":"Hollingdean Terrace, N side: From a point 10.5 metres west of the western kerbline of Roedale Road westwards for 36.5 metres","source_url":"https://tro.tpt.gov.uk/TRO/Brighton%20and%20Hove/912-CPZ-Amend-4-2026-TRO16a2025.pdf","price_band":"low"}},{"type":"Feature","id":"shared-z14-5.14-18","geometry":{"type":"Polygon","coordinates":[[[-0.128395,50.84272],[-0.12839,50.842729],[-0.128385,50.842737],[-0.128381,50.842746],[-0.128376,50.842754],[-0.128371,50.842763],[-0.128367,50.842771],[-0.12834,50.842765],[-0.128344,50.842757],[-0.128349,50.842748],[-0.128354,50.84274],[-0.128358,50.842731],[-0.128363,50.842723],[-0.128368,50.842714],[-0.128395,50.84272]]]},"properties":{"id":"shared-z14-5.14-18","type":"shared","zone":"14","red_route":false,"tariff":"Low","pay_by_phone":null,"max_stay_mins":240,"no_return_mins":240,"schedule":[{"days":["mon","tue","wed","thu","fri","sat","sun"],"start":"08:00","end":"20:00"}],"days_raw":"Mon to Sun","times_raw":"8 am to 8 pm","max_stay_raw":"4hrs","no_return_raw":"4hrs","layer_raw":"TRO-16a-2025 Part 5.14 item 18","area_m2":12.0,"perimeter_m":16.0,"centroid":[-0.128367,50.842741],"source_objectid":null,"issues":null,"source":"traffic_order","source_text":"Horton Road, W side: From a point 2 metres north of the prolongation of the northern building line of No.60 Horton Road southwards for 6 metres","source_url":"https://tro.tpt.gov.uk/TRO/Brighton%20and%20Hove/912-CPZ-Amend-4-2026-TRO16a2025.pdf","price_band":"low"}},{"type":"Feature","id":"shared-z14-5.14-19","geometry":{"type":"Polygon","coordinates":[[[-0.128525,50.842397],[-0.128522,50.842406],[-0.128519,50.842415],[-0.128515,50.842424],[-0.128512,50.842433],[-0.128509,50.842442],[-0.128506,50.842451],[-0.128502,50.84246],[-0.128499,50.842469],[-0.128496,50.842477],[-0.128492,50.842486],[-0.128489,50.842495],[-0.128486,50.842504],[-0.128483,50.842513],[-0.128479,50.842521],[-0.128476,50.84253],[-0.128473,50.842539],[-0.12847,50.842548],[-0.128466,50.842557],[-0.128463,50.842565],[-0.12846,50.842574],[-0.128456,50.842583],[-0.128453,50.842592],[-0.128449,50.842601],[-0.128445,50.84261],[-0.128442,50.842619],[-0.128438,50.842627],[-0.128434,50.842636],[-0.128431,50.842645],[-0.128427,50.842654],[-0.128423,50.842663],[-0.128419,50.842672],[-0.128414,50.842681],[-0.12841,50.842689],[-0.128383,50.842684],[-0.128387,50.842675],[-0.128392,50.842667],[-0.128396,50.842658],[-0.1284,50.842649],[-0.128403,50.84264],[-0.128407,50.842631],[-0.128411,50.842623],[-0.128414,50.842614],[-0.128418,50.842605],[-0.128421,50.842596],[-0.128425,50.842588],[-0.128429,50.842579],[-0.128432,50.84257],[-0.128435,50.842561],[-0.128439,50.842552],[-0.128442,50.842544],[-0.128445,50.842535],[-0.128448,50.842526],[-0.128452,50.842517],[-0.128455,50.842508],[-0.128458,50.8425],[-0.128461,50.842491],[-0.128465,50.842482],[-0.128468,50.842473],[-0.128471,50.842464],[-0.128475,50.842456],[-0.128478,50.842447],[-0.128481,50.842438],[-0.128484,50.842429],[-0.128488,50.84242],[-0.128491,50.842411],[-0.128494,50.842403],[-0.128497,50.842394],[-0.128525,50.842397]]]},"properties":{"id":"shared-z14-5.14-19","type":"shared","zone":"14","red_route":false,"tariff":"Low","pay_by_phone":null,"max_stay_mins":240,"no_return_mins":240,"schedule":[{"days":["mon","tue","wed","thu","fri","sat","sun"],"start":"08:00","end":"20:00"}],"days_raw":"Mon to Sun","times_raw":"8 am to 8 pm","max_stay_raw":"4hrs","no_return_raw":"4hrs","layer_raw":"TRO-16a-2025 Part 5.14 item 19","area_m2":66.4,"perimeter_m":70.4,"centroid":[-0.128456,50.842543],"source_objectid":null,"issues":null,"source":"traffic_order","source_text":"Horton Road, W side: From a point 7.5 metres south of the prolongation of the northern building line of No.60 Horton Road southwards for 33 metres","source_url":"https://tro.tpt.gov.uk/TRO/Brighton%20and%20Hove/912-CPZ-Amend-4-2026-TRO16a2025.pdf","price_band":"low"}},{"type":"Feature","id":"shared-z14-5.14-20","geometry":{"type":"Polygon","coordinates":[[[-0.128781,50.84091],[-0.12878,50.840918],[-0.128779,50.840927],[-0.128778,50.840936],[-0.128778,50.840945],[-0.128777,50.840954],[-0.128776,50.840962],[-0.128775,50.840971],[-0.128774,50.84098],[-0.128773,50.840989],[-0.128772,50.840997],[-0.128771,50.841006],[-0.12877,50.841015],[-0.128769,50.841024],[-0.128768,50.841033],[-0.128766,50.841042],[-0.128765,50.84105],[-0.128764,50.841059],[-0.128735,50.841057],[-0.128737,50.841049],[-0.128738,50.84104],[-0.128739,50.841031],[-0.12874,50.841022],[-0.128741,50.841014],[-0.128742,50.841005],[-0.128743,50.840996],[-0.128744,50.840987],[-0.128745,50.840979],[-0.128746,50.84097],[-0.128747,50.840961],[-0.128748,50.840952],[-0.128749,50.840943],[-0.12875,50.840935],[-0.128751,50.840926],[-0.128752,50.840917],[-0.128753,50.840908],[-0.128781,50.84091]]]},"properties":{"id":"shared-z14-5.14-20","type":"shared","zone":"14","red_route":false,"tariff":"Low","pay_by_phone":null,"max_stay_mins":240,"no_return_mins":240,"schedule":[{"days":["mon","tue","wed","thu","fri","sat","sun"],"start":"08:00","end":"20:00"}],"days_raw":"Mon to Sun","times_raw":"8 am to 8 pm","max_stay_raw":"4hrs","no_return_raw":"4hrs","layer_raw":"TRO-16a-2025 Part 5.14 item 20","area_m2":33.1,"perimeter_m":37.1,"centroid":[-0.128759,50.840988],"source_objectid":null,"issues":null,"source":"traffic_order","source_text":"Horton Road, W side: From a point 2.5 metres north of the prolongation of the boundary between Nos.22 & 24 Horton Road southwards for 16.5 metres","source_url":"https://tro.tpt.gov.uk/TRO/Brighton%20and%20Hove/912-CPZ-Amend-4-2026-TRO16a2025.pdf","price_band":"low"}},{"type":"Feature","id":"shared-z14-5.14-21","geometry":{"type":"Polygon","coordinates":[[[-0.128273,50.839882],[-0.12828,50.83989],[-0.128287,50.839897],[-0.128294,50.839905],[-0.128301,50.839912],[-0.128308,50.83992],[-0.128315,50.839927],[-0.128322,50.839935],[-0.128329,50.839942],[-0.128336,50.83995],[-0.128344,50.839959],[-0.128352,50.839966],[-0.12836,50.839974],[-0.128369,50.839982],[-0.128377,50.839989],[-0.128385,50.839996],[-0.128393,50.840003],[-0.128416,50.839992],[-0.128408,50.839985],[-0.1284,50.839978],[-0.128392,50.839971],[-0.128384,50.839964],[-0.128375,50.839956],[-0.128368,50.839949],[-0.12836,50.839941],[-0.128353,50.839933],[-0.128346,50.839926],[-0.128339,50.839918],[-0.128332,50.839911],[-0.128325,50.839903],[-0.128318,50.839896],[-0.128311,50.839888],[-0.128304,50.83988],[-0.128297,50.839873],[-0.128273,50.839882]]]},"properties":{"id":"shared-z14-5.14-21","type":"shared","zone":"14","red_route":false,"tariff":"Low","pay_by_phone":null,"max_stay_mins":240,"no_return_mins":240,"schedule":[{"days":["mon","tue","wed","thu","fri","sat","sun"],"start":"08:00","end":"20:00"}],"days_raw":"Mon to Sun","times_raw":"8 am to 8 pm","max_stay_raw":"4hrs","no_return_raw":"4hrs","layer_raw":"TRO-16a-2025 Part 5.14 item 21","area_m2":31.5,"perimeter_m":35.5,"centroid":[-0.128343,50.839939],"source_objectid":null,"issues":null,"source":"traffic_order","source_text":"Horton Road, E side: From a point 11.5 metres north of the northern kerbline of Davey Drive northwards for 15.5 metres","source_url":"https://tro.tpt.gov.uk/TRO/Brighton%20and%20Hove/912-CPZ-Amend-4-2026-TRO16a2025.pdf","price_band":"low"}},{"type":"Feature","id":"shared-z14-5.14-22","geometry":{"type":"Polygon","coordinates":[[[-0.130541,50.843655],[-0.13054,50.843664],[-0.130539,50.843673],[-0.130538,50.843682],[-0.130538,50.843691],[-0.130537,50.8437],[-0.130536,50.843709],[-0.130535,50.843718],[-0.130534,50.843728],[-0.130534,50.843737],[-0.130533,50.843746],[-0.130532,50.843755],[-0.130504,50.843754],[-0.130504,50.843745],[-0.130505,50.843736],[-0.130506,50.843727],[-0.130507,50.843717],[-0.130508,50.843708],[-0.130508,50.843699],[-0.130509,50.84369],[-0.13051,50.843681],[-0.130511,50.843672],[-0.130511,50.843663],[-0.130512,50.843654],[-0.130541,50.843655]]]},"properties":{"id":"shared-z14-5.14-22","type":"shared","zone":"14","red_route":false,"tariff":"Low","pay_by_phone":null,"max_stay_mins":240,"no_return_mins":240,"schedule":[{"days":["mon","tue","wed","thu","fri","sat","sun"],"start":"08:00","end":"20:00"}],"days_raw":"Mon to Sun","times_raw":"8 am to 8 pm","max_stay_raw":"4hrs","no_return_raw":"4hrs","layer_raw":"TRO-16a-2025 Part 5.14 item 22","area_m2":22.0,"perimeter_m":26.0,"centroid":[-0.130522,50.843704],"source_objectid":null,"issues":null,"source":"traffic_order","source_text":"Roedale Road, W side: From a point 12.5 metres south of the southern kerbline of Hollingbury Place southwards for 11 metres","source_url":"https://tro.tpt.gov.uk/TRO/Brighton%20and%20Hove/912-CPZ-Amend-4-2026-TRO16a2025.pdf","price_band":"low"}},{"type":"Feature","id":"shared-z14-5.14-23","geometry":{"type":"Polygon","coordinates":[[[-0.13062,50.842697],[-0.130619,50.842706],[-0.130618,50.842716],[-0.130617,50.842725],[-0.130616,50.842734],[-0.130616,50.842743],[-0.130615,50.842752],[-0.130614,50.842761],[-0.130613,50.84277],[-0.130613,50.842779],[-0.130612,50.842787],[-0.130611,50.842796],[-0.13061,50.842805],[-0.130609,50.842814],[-0.130609,50.842823],[-0.130608,50.842832],[-0.130607,50.842841],[-0.130606,50.84285],[-0.130606,50.842859],[-0.130605,50.842868],[-0.130604,50.842877],[-0.130603,50.842886],[-0.130602,50.842895],[-0.130602,50.842904],[-0.130601,50.842913],[-0.1306,50.842922],[-0.130599,50.842931],[-0.130599,50.84294],[-0.130598,50.842949],[-0.130597,50.842958],[-0.130596,50.842967],[-0.130595,50.842976],[-0.130595,50.842985],[-0.130594,50.842994],[-0.130593,50.843003],[-0.130592,50.843012],[-0.130592,50.843021],[-0.130591,50.84303],[-0.13059,50.843039],[-0.130589,50.843048],[-0.130589,50.843057],[-0.130588,50.843066],[-0.130587,50.843075],[-0.130587,50.843084],[-0.130586,50.843093],[-0.130585,50.843102],[-0.130585,50.843111],[-0.130584,50.84312],[-0.130583,50.843129],[-0.130583,50.843138],[-0.130582,50.843147],[-0.130582,50.843156],[-0.130581,50.843165],[-0.13058,50.843174],[-0.13058,50.843183],[-0.130579,50.843192],[-0.130578,50.843201],[-0.130578,50.84321],[-0.130577,50.843219],[-0.130576,50.843228],[-0.130576,50.843236],[-0.130575,50.843245],[-0.130574,50.843254],[-0.130574,50.843263],[-0.130573,50.843272],[-0.130572,50.843281],[-0.130572,50.84329],[-0.130571,50.843299],[-0.13057,50.843308],[-0.13057,50.843317],[-0.130569,50.843326],[-0.130568,50.843335],[-0.130568,50.843344],[-0.130567,50.843353],[-0.130566,50.843362],[-0.130566,50.843371],[-0.130565,50.843381],[-0.130564,50.84339],[-0.130563,50.843399],[-0.130563,50.843408],[-0.130562,50.843417],[-0.130561,50.843426],[-0.13056,50.843435],[-0.13056,50.843444],[-0.130559,50.843453],[-0.130558,50.843462],[-0.130557,50.843471],[-0.130556,50.84348],[-0.130556,50.843489],[-0.130555,50.843498],[-0.130554,50.843507],[-0.130553,50.843516],[-0.130552,50.843525],[-0.130552,50.843534],[-0.130551,50.843543],[-0.13055,50.843552],[-0.130549,50.843561],[-0.130549,50.84357],[-0.130548,50.843578],[-0.130519,50.843577],[-0.13052,50.843569],[-0.130521,50.84356],[-0.130522,50.843551],[-0.130522,50.843542],[-0.130523,50.843533],[-0.130524,50.843524],[-0.130525,50.843515],[-0.130526,50.843506],[-0.130526,50.843497],[-0.130527,50.843488],[-0.130528,50.843479],[-0.130529,50.84347],[-0.13053,50.843461],[-0.13053,50.843452],[-0.130531,50.843443],[-0.130532,50.843434],[-0.130533,50.843425],[-0.130534,50.843416],[-0.130534,50.843407],[-0.130535,50.843398],[-0.130536,50.843389],[-0.130537,50.84338],[-0.130537,50.843371],[-0.130538,50.843362],[-0.130539,50.843353],[-0.130539,50.843344],[-0.13054,50.843335],[-0.130541,50.843326],[-0.130541,50.843317],[-0.130542,50.843308],[-0.130543,50.843299],[-0.130543,50.84329],[-0.130544,50.843281],[-0.130545,50.843272],[-0.130545,50.843263],[-0.130546,50.843254],[-0.130547,50.843245],[-0.130547,50.843236],[-0.130548,50.843227],[-0.130548,50.843218],[-0.130549,50.843209],[-0.13055,50.8432],[-0.13055,50.843191],[-0.130551,50.843182],[-0.130552,50.843173],[-0.130552,50.843164],[-0.130553,50.843155],[-0.130554,50.843146],[-0.130554,50.843137],[-0.130555,50.843128],[-0.130556,50.843119],[-0.130556,50.84311],[-0.130557,50.843101],[-0.130558,50.843092],[-0.130558,50.843083],[-0.130559,50.843074],[-0.13056,50.843065],[-0.13056,50.843056],[-0.130561,50.843047],[-0.130562,50.843038],[-0.130562,50.843029],[-0.130563,50.84302],[-0.130564,50.843011],[-0.130565,50.843002],[-0.130566,50.842993],[-0.130566,50.842984],[-0.130567,50.842975],[-0.130568,50.842966],[-0.130569,50.842957],[-0.130569,50.842948],[-0.13057,50.842939],[-0.130571,50.84293],[-0.130572,50.842921],[-0.130573,50.842912],[-0.130573,50.842903],[-0.130574,50.842894],[-0.130575,50.842885],[-0.130576,50.842876],[-0.130576,50.842867],[-0.130577,50.842858],[-0.130578,50.842849],[-0.130579,50.84284],[-0.13058,50.842831],[-0.13058,50.842822],[-0.130581,50.842813],[-0.130582,50.842804],[-0.130583,50.842795],[-0.130583,50.842786],[-0.130584,50.842778],[-0.130585,50.842769],[-0.130586,50.84276],[-0.130587,50.842751],[-0.130587,50.842742],[-0.130588,50.842733],[-0.130589,50.842724],[-0.13059,50.842715],[-0.13059,50.842706],[-0.130591,50.842697],[-0.13062,50.842697]]]},"properties":{"id":"shared-z14-5.14-23","type":"shared","zone":"14","red_route":false,"tariff":"Low","pay_by_phone":null,"max_stay_mins":240,"no_return_mins":240,"schedule":[{"days":["mon","tue","wed","thu","fri","sat","sun"],"start":"08:00","end":"20:00"}],"days_raw":"Mon to Sun","times_raw":"8 am to 8 pm","max_stay_raw":"4hrs","no_return_raw":"4hrs","layer_raw":"TRO-16a-2025 Part 5.14 item 23","area_m2":195.0,"perimeter_m":199.0,"centroid":[-0.130569,50.843136],"source_objectid":null,"issues":null,"source":"traffic_order","source_text":"Roedale Road, W side: From a point 32 metres south of the southern kerbline of Hollingbury Place southwards for 97.5 metres","source_url":"https://tro.tpt.gov.uk/TRO/Brighton%20and%20Hove/912-CPZ-Amend-4-2026-TRO16a2025.pdf","price_band":"low"}},{"type":"Feature","id":"shared-z14-5.14-24","geometry":{"type":"Polygon","coordinates":[[[-0.130647,50.842404],[-0.130647,50.842413],[-0.130646,50.842422],[-0.130645,50.842431],[-0.130644,50.84244],[-0.130644,50.842449],[-0.130643,50.842458],[-0.130642,50.842466],[-0.130642,50.842475],[-0.130641,50.842484],[-0.13064,50.842493],[-0.13064,50.842502],[-0.130639,50.842511],[-0.130638,50.84252],[-0.130637,50.842529],[-0.130637,50.842537],[-0.130636,50.842546],[-0.130635,50.842555],[-0.130635,50.842564],[-0.130634,50.842573],[-0.130633,50.842582],[-0.130632,50.842591],[-0.130632,50.842599],[-0.130631,50.842608],[-0.13063,50.842617],[-0.13063,50.842626],[-0.130629,50.842635],[-0.130628,50.842644],[-0.1306,50.842643],[-0.130601,50.842634],[-0.130601,50.842625],[-0.130602,50.842616],[-0.130603,50.842607],[-0.130603,50.842599],[-0.130604,50.84259],[-0.130605,50.842581],[-0.130605,50.842572],[-0.130606,50.842563],[-0.130607,50.842554],[-0.130608,50.842545],[-0.130608,50.842537],[-0.130609,50.842528],[-0.13061,50.842519],[-0.13061,50.84251],[-0.130611,50.842501],[-0.130612,50.842492],[-0.130613,50.842483],[-0.130613,50.842474],[-0.130614,50.842466],[-0.130615,50.842457],[-0.130615,50.842448],[-0.130616,50.842439],[-0.130617,50.84243],[-0.130617,50.842421],[-0.130618,50.842412],[-0.130619,50.842403],[-0.130647,50.842404]]]},"properties":{"id":"shared-z14-5.14-24","type":"shared","zone":"14","red_route":false,"tariff":"Low","pay_by_phone":null,"max_stay_mins":240,"no_return_mins":240,"schedule":[{"days":["mon","tue","wed","thu","fri","sat","sun"],"start":"08:00","end":"20:00"}],"days_raw":"Mon to Sun","times_raw":"8 am to 8 pm","max_stay_raw":"4hrs","no_return_raw":"4hrs","layer_raw":"TRO-16a-2025 Part 5.14 item 24","area_m2":53.0,"perimeter_m":57.0,"centroid":[-0.130624,50.842525],"source_objectid":null,"issues":null,"source":"traffic_order","source_text":"Roedale Road, W side: From the boundary between Nos.69 & 71 Roedale Road southwards for 26.5 metres","source_url":"https://tro.tpt.gov.uk/TRO/Brighton%20and%20Hove/912-CPZ-Amend-4-2026-TRO16a2025.pdf","price_band":"low"}},{"type":"Feature","id":"shared-z14-5.14-25","geometry":{"type":"Polygon","coordinates":[[[-0.130551,50.841815],[-0.13055,50.841824],[-0.13055,50.841833],[-0.130549,50.841842],[-0.130548,50.841851],[-0.130547,50.84186],[-0.130547,50.841869],[-0.130546,50.841877],[-0.130545,50.841886],[-0.130544,50.841895],[-0.130543,50.841904],[-0.130543,50.841913],[-0.130542,50.841922],[-0.130541,50.841931],[-0.13054,50.84194],[-0.13054,50.841948],[-0.130539,50.841957],[-0.130538,50.841966],[-0.130537,50.841975],[-0.130537,50.841984],[-0.130536,50.841993],[-0.130535,50.842002],[-0.130534,50.84201],[-0.130534,50.842019],[-0.130533,50.842028],[-0.130532,50.842037],[-0.130531,50.842046],[-0.130531,50.842055],[-0.130559,50.842056],[-0.13056,50.842047],[-0.130561,50.842038],[-0.130561,50.842029],[-0.130562,50.84202],[-0.130563,50.842011],[-0.130564,50.842003],[-0.130564,50.841994],[-0.130565,50.841985],[-0.130566,50.841976],[-0.130567,50.841967],[-0.130567,50.841958],[-0.130568,50.841949],[-0.130569,50.841941],[-0.13057,50.841932],[-0.13057,50.841923],[-0.130571,50.841914],[-0.130572,50.841905],[-0.130573,50.841896],[-0.130573,50.841887],[-0.130574,50.841878],[-0.130575,50.84187],[-0.130576,50.841861],[-0.130576,50.841852],[-0.130577,50.841843],[-0.130578,50.841834],[-0.130579,50.841825],[-0.130579,50.841816],[-0.130551,50.841815]]]},"properties":{"id":"shared-z14-5.14-25","type":"shared","zone":"14","red_route":false,"tariff":"Low","pay_by_phone":null,"max_stay_mins":240,"no_return_mins":240,"schedule":[{"days":["mon","tue","wed","thu","fri","sat","sun"],"start":"08:00","end":"20:00"}],"days_raw":"Mon to Sun","times_raw":"8 am to 8 pm","max_stay_raw":"4hrs","no_return_raw":"4hrs","layer_raw":"TRO-16a-2025 Part 5.14 item 25","area_m2":53.0,"perimeter_m":57.0,"centroid":[-0.130555,50.841936],"source_objectid":null,"issues":null,"source":"traffic_order","source_text":"Roedale Road, E side: From a point 24 metres south of the southern kerbline of Hollingdean Street southwards for 26.5 metres","source_url":"https://tro.tpt.gov.uk/TRO/Brighton%20and%20Hove/912-CPZ-Amend-4-2026-TRO16a2025.pdf","price_band":"low"}},{"type":"Feature","id":"shared-z14-5.14-26","geometry":{"type":"Polygon","coordinates":[[[-0.130561,50.841698],[-0.13056,50.841707],[-0.130559,50.841715],[-0.130558,50.841724],[-0.130558,50.841732],[-0.130557,50.841741],[-0.130556,50.841749],[-0.130555,50.841758],[-0.130555,50.841767],[-0.130554,50.841775],[-0.130553,50.841784],[-0.130582,50.841785],[-0.130582,50.841776],[-0.130583,50.841768],[-0.130584,50.841759],[-0.130585,50.84175],[-0.130585,50.841742],[-0.130586,50.841733],[-0.130587,50.841725],[-0.130588,50.841716],[-0.130588,50.841708],[-0.130589,50.841699],[-0.130561,50.841698]]]},"properties":{"id":"shared-z14-5.14-26","type":"shared","zone":"14","red_route":false,"tariff":"Low","pay_by_phone":null,"max_stay_mins":240,"no_return_mins":240,"schedule":[{"days":["mon","tue","wed","thu","fri","sat","sun"],"start":"08:00","end":"20:00"}],"days_raw":"Mon to Sun","times_raw":"8 am to 8 pm","max_stay_raw":"4hrs","no_return_raw":"4hrs","layer_raw":"TRO-16a-2025 Part 5.14 item 26","area_m2":19.0,"perimeter_m":23.0,"centroid":[-0.130571,50.84174],"source_objectid":null,"issues":null,"source":"traffic_order","source_text":"Roedale Road, E side: From a point 54 metres south of the southern kerbline of Hollingdean Street southwards for 9.5 metres","source_url":"https://tro.tpt.gov.uk/TRO/Brighton%20and%20Hove/912-CPZ-Amend-4-2026-TRO16a2025.pdf","price_band":"low"}},{"type":"Feature","id":"shared-z14-5.14-27","geometry":{"type":"Polygon","coordinates":[[[-0.130586,50.8414],[-0.130585,50.841409],[-0.130585,50.841418],[-0.130584,50.841426],[-0.130583,50.841435],[-0.130582,50.841444],[-0.130582,50.841453],[-0.130581,50.841462],[-0.13058,50.841471],[-0.130579,50.84148],[-0.130579,50.841489],[-0.130578,50.841497],[-0.130577,50.841506],[-0.130576,50.841515],[-0.130575,50.841524],[-0.130575,50.841533],[-0.130574,50.841542],[-0.130573,50.841551],[-0.130572,50.841559],[-0.130572,50.841568],[-0.130571,50.841577],[-0.13057,50.841586],[-0.130569,50.841595],[-0.130569,50.841604],[-0.130568,50.841613],[-0.130567,50.841622],[-0.130566,50.84163],[-0.130566,50.841639],[-0.130594,50.84164],[-0.130595,50.841631],[-0.130596,50.841623],[-0.130596,50.841614],[-0.130597,50.841605],[-0.130598,50.841596],[-0.130599,50.841587],[-0.130599,50.841578],[-0.1306,50.841569],[-0.130601,50.84156],[-0.130602,50.841552],[-0.130602,50.841543],[-0.130603,50.841534],[-0.130604,50.841525],[-0.130605,50.841516],[-0.130605,50.841507],[-0.130606,50.841498],[-0.130607,50.84149],[-0.130608,50.841481],[-0.130608,50.841472],[-0.130609,50.841463],[-0.13061,50.841454],[-0.130611,50.841445],[-0.130611,50.841436],[-0.130612,50.841427],[-0.130613,50.841419],[-0.130614,50.84141],[-0.130614,50.841401],[-0.130586,50.8414]]]},"properties":{"id":"shared-z14-5.14-27","type":"shared","zone":"14","red_route":false,"tariff":"Low","pay_by_phone":null,"max_stay_mins":240,"no_return_mins":240,"schedule":[{"days":["mon","tue","wed","thu","fri","sat","sun"],"start":"08:00","end":"20:00"}],"days_raw":"Mon to Sun","times_raw":"8 am to 8 pm","max_stay_raw":"4hrs","no_return_raw":"4hrs","layer_raw":"TRO-16a-2025 Part 5.14 item 27","area_m2":53.0,"perimeter_m":57.0,"centroid":[-0.13059,50.841526],"source_objectid":null,"issues":null,"source":"traffic_order","source_text":"Roedale Road, E side: From a point 70 metres south of the southern kerbline of Hollingdean Street southwards for 26.5 metres","source_url":"https://tro.tpt.gov.uk/TRO/Brighton%20and%20Hove/912-CPZ-Amend-4-2026-TRO16a2025.pdf","price_band":"low"}},{"type":"Feature","id":"shared-z14-5.14-28","geometry":{"type":"Polygon","coordinates":[[[-0.13063,50.840888],[-0.130629,50.840897],[-0.130629,50.840906],[-0.130628,50.840915],[-0.130627,50.840924],[-0.130626,50.840933],[-0.130626,50.840941],[-0.130625,50.84095],[-0.130624,50.840959],[-0.130623,50.840968],[-0.130623,50.840977],[-0.130622,50.840986],[-0.130621,50.840995],[-0.13062,50.841004],[-0.13062,50.841013],[-0.130619,50.841022],[-0.130618,50.841031],[-0.130617,50.84104],[-0.130616,50.841049],[-0.130616,50.841058],[-0.130615,50.841067],[-0.130614,50.841076],[-0.130613,50.841085],[-0.130613,50.841094],[-0.130612,50.841102],[-0.130611,50.841111],[-0.13061,50.84112],[-0.13061,50.841129],[-0.130609,50.841138],[-0.130608,50.841147],[-0.130607,50.841156],[-0.130607,50.841165],[-0.130606,50.841174],[-0.130605,50.841183],[-0.130604,50.841192],[-0.130603,50.841201],[-0.130603,50.84121],[-0.130602,50.841219],[-0.130601,50.841228],[-0.1306,50.841237],[-0.1306,50.841246],[-0.130599,50.841255],[-0.130598,50.841263],[-0.130597,50.841272],[-0.130597,50.841281],[-0.130596,50.84129],[-0.130595,50.841299],[-0.130594,50.841308],[-0.130593,50.841317],[-0.130593,50.841326],[-0.130592,50.841335],[-0.130591,50.841344],[-0.13062,50.841345],[-0.13062,50.841336],[-0.130621,50.841327],[-0.130622,50.841318],[-0.130623,50.841309],[-0.130623,50.8413],[-0.130624,50.841291],[-0.130625,50.841282],[-0.130626,50.841273],[-0.130626,50.841264],[-0.130627,50.841256],[-0.130628,50.841247],[-0.130629,50.841238],[-0.13063,50.841229],[-0.13063,50.84122],[-0.130631,50.841211],[-0.130632,50.841202],[-0.130633,50.841193],[-0.130633,50.841184],[-0.130634,50.841175],[-0.130635,50.841166],[-0.130636,50.841157],[-0.130636,50.841148],[-0.130637,50.841139],[-0.130638,50.84113],[-0.130639,50.841121],[-0.13064,50.841112],[-0.13064,50.841103],[-0.130641,50.841095],[-0.130642,50.841086],[-0.130643,50.841077],[-0.130643,50.841068],[-0.130644,50.841059],[-0.130645,50.84105],[-0.130646,50.841041],[-0.130646,50.841032],[-0.130647,50.841023],[-0.130648,50.841014],[-0.130649,50.841005],[-0.130649,50.840996],[-0.13065,50.840987],[-0.130651,50.840978],[-0.130652,50.840969],[-0.130653,50.84096],[-0.130653,50.840951],[-0.130654,50.840942],[-0.130655,50.840934],[-0.130656,50.840925],[-0.130656,50.840916],[-0.130657,50.840907],[-0.130658,50.840898],[-0.130659,50.840889],[-0.13063,50.840888]]]},"properties":{"id":"shared-z14-5.14-28","type":"shared","zone":"14","red_route":false,"tariff":"Low","pay_by_phone":null,"max_stay_mins":240,"no_return_mins":240,"schedule":[{"days":["mon","tue","wed","thu","fri","sat","sun"],"start":"08:00","end":"20:00"}],"days_raw":"Mon to Sun","times_raw":"8 am to 8 pm","max_stay_raw":"4hrs","no_return_raw":"4hrs","layer_raw":"TRO-16a-2025 Part 5.14 item 28","area_m2":101.0,"perimeter_m":105.0,"centroid":[-0.130625,50.841115],"source_objectid":null,"issues":null,"source":"traffic_order","source_text":"Roedale Road, E side: From the boundary between Nos.40 & 42 Roedale Road southwards for 50.5 metres","source_url":"https://tro.tpt.gov.uk/TRO/Brighton%20and%20Hove/912-CPZ-Amend-4-2026-TRO16a2025.pdf","price_band":"low"}},{"type":"Feature","id":"shared-z14-5.14-29","geometry":{"type":"Polygon","coordinates":[[[-0.130671,50.840366],[-0.13067,50.840376],[-0.130669,50.840385],[-0.130668,50.840394],[-0.130668,50.840403],[-0.130667,50.840412],[-0.130666,50.840421],[-0.130666,50.84043],[-0.130665,50.840439],[-0.130664,50.840448],[-0.130664,50.840457],[-0.130663,50.840466],[-0.130662,50.840475],[-0.130662,50.840484],[-0.130661,50.840493],[-0.13066,50.840502],[-0.130659,50.840511],[-0.130659,50.84052],[-0.130658,50.840529],[-0.130657,50.840538],[-0.130657,50.840547],[-0.130656,50.840556],[-0.130655,50.840565],[-0.130655,50.840574],[-0.130654,50.840583],[-0.130653,50.840592],[-0.130653,50.840601],[-0.130652,50.84061],[-0.130651,50.840619],[-0.130651,50.840629],[-0.130679,50.840629],[-0.13068,50.84062],[-0.13068,50.840611],[-0.130681,50.840602],[-0.130682,50.840593],[-0.130682,50.840584],[-0.130683,50.840575],[-0.130684,50.840566],[-0.130684,50.840557],[-0.130685,50.840548],[-0.130686,50.840539],[-0.130687,50.84053],[-0.130687,50.840521],[-0.130688,50.840512],[-0.130689,50.840503],[-0.130689,50.840494],[-0.13069,50.840485],[-0.130691,50.840476],[-0.130691,50.840467],[-0.130692,50.840458],[-0.130693,50.840449],[-0.130693,50.84044],[-0.130694,50.840431],[-0.130695,50.840422],[-0.130696,50.840413],[-0.130696,50.840403],[-0.130697,50.840394],[-0.130698,50.840385],[-0.130698,50.840376],[-0.130699,50.840367],[-0.130671,50.840366]]]},"properties":{"id":"shared-z14-5.14-29","type":"shared","zone":"14","red_route":false,"tariff":"Low","pay_by_phone":null,"max_stay_mins":240,"no_return_mins":240,"schedule":[{"days":["mon","tue","wed","thu","fri","sat","sun"],"start":"08:00","end":"20:00"}],"days_raw":"Mon to Sun","times_raw":"8 am to 8 pm","max_stay_raw":"4hrs","no_return_raw":"4hrs","layer_raw":"TRO-16a-2025 Part 5.14 item 29","area_m2":58.0,"perimeter_m":62.0,"centroid":[-0.130675,50.840502],"source_objectid":null,"issues":null,"source":"traffic_order","source_text":"Roedale Road, E side: From a point 8 metres south of the southern kerbline of Dudley Road southwards for 29 metres","source_url":"https://tro.tpt.gov.uk/TRO/Brighton%20and%20Hove/912-CPZ-Amend-4-2026-TRO16a2025.pdf","price_band":"low"}},{"type":"Feature","id":"shared-z14-5.14-30","geometry":{"type":"Polygon","coordinates":[[[-0.126198,50.842726],[-0.126209,50.842728],[-0.12622,50.84273],[-0.126233,50.842732],[-0.126246,50.842734],[-0.12626,50.842737],[-0.126274,50.842739],[-0.126288,50.842741],[-0.126301,50.842743],[-0.126315,50.842746],[-0.126329,50.842748],[-0.126343,50.84275],[-0.126356,50.842753],[-0.12637,50.842755],[-0.126384,50.842757],[-0.126398,50.84276],[-0.126411,50.842762],[-0.126425,50.842764],[-0.126439,50.842766],[-0.126453,50.842769],[-0.126466,50.842771],[-0.12648,50.842773],[-0.126494,50.842776],[-0.126508,50.842778],[-0.126521,50.84278],[-0.126535,50.842782],[-0.126549,50.842785],[-0.126562,50.842787],[-0.126576,50.842789],[-0.12659,50.842791],[-0.126603,50.842794],[-0.126617,50.842796],[-0.126631,50.842798],[-0.126645,50.8428],[-0.126659,50.842802],[-0.126672,50.842804],[-0.126686,50.842807],[-0.1267,50.842809],[-0.126715,50.842811],[-0.126731,50.842814],[-0.126746,50.842817],[-0.126736,50.842834],[-0.126722,50.842831],[-0.126708,50.842829],[-0.126693,50.842826],[-0.126679,50.842824],[-0.126666,50.842822],[-0.126652,50.84282],[-0.126638,50.842818],[-0.126624,50.842815],[-0.12661,50.842813],[-0.126597,50.842811],[-0.126583,50.842809],[-0.126569,50.842807],[-0.126555,50.842805],[-0.126542,50.842802],[-0.126528,50.8428],[-0.126514,50.842798],[-0.1265,50.842795],[-0.126487,50.842793],[-0.126473,50.842791],[-0.126459,50.842789],[-0.126445,50.842786],[-0.126432,50.842784],[-0.126418,50.842782],[-0.126404,50.842779],[-0.12639,50.842777],[-0.126377,50.842775],[-0.126363,50.842772],[-0.126349,50.84277],[-0.126335,50.842768],[-0.126322,50.842766],[-0.126308,50.842763],[-0.126294,50.842761],[-0.12628,50.842759],[-0.126267,50.842756],[-0.126253,50.842754],[-0.126239,50.842752],[-0.126225,50.842749],[-0.126212,50.842747],[-0.1262,50.842745],[-0.126188,50.842743],[-0.126198,50.842726]]]},"properties":{"id":"shared-z14-5.14-30","type":"shared","zone":"14","red_route":false,"tariff":"Low","pay_by_phone":null,"max_stay_mins":240,"no_return_mins":240,"schedule":[{"days":["mon","tue","wed","thu","fri","sat","sun"],"start":"08:00","end":"20:00"}],"days_raw":"Mon to Sun","times_raw":"8 am to 8 pm","max_stay_raw":"4hrs","no_return_raw":"4hrs","layer_raw":"TRO-16a-2025 Part 5.14 item 30","area_m2":79.7,"perimeter_m":83.7,"centroid":[-0.126467,50.842778],"source_objectid":null,"issues":null,"source":"traffic_order","source_text":"The Crossway, S side: From a point 0.5 metres east of the eastern property line of No.20 The Crossway eastwards for 40 metres","source_url":"https://tro.tpt.gov.uk/TRO/Brighton%20and%20Hove/912-CPZ-Amend-4-2026-TRO16a2025.pdf","price_band":"low"}},{"type":"Feature","id":"shared-z14-5.14-31","geometry":{"type":"Polygon","coordinates":[[[-0.127998,50.842673],[-0.127994,50.842665],[-0.127989,50.842655],[-0.127984,50.842646],[-0.127978,50.842637],[-0.127972,50.842628],[-0.127966,50.84262],[-0.12796,50.842612],[-0.127955,50.842603],[-0.127949,50.842595],[-0.127943,50.842586],[-0.127937,50.842578],[-0.12793,50.842569],[-0.127923,50.842561],[-0.127916,50.842553],[-0.127909,50.842545],[-0.127903,50.842537],[-0.127896,50.842529],[-0.127889,50.842521],[-0.127882,50.842513],[-0.127876,50.842505],[-0.127851,50.842513],[-0.127857,50.842521],[-0.127864,50.842529],[-0.127871,50.842537],[-0.127877,50.842545],[-0.127884,50.842553],[-0.127891,50.842561],[-0.127898,50.842569],[-0.127904,50.842577],[-0.127911,50.842585],[-0.127917,50.842594],[-0.127923,50.842602],[-0.127929,50.842611],[-0.127934,50.842619],[-0.12794,50.842627],[-0.127946,50.842635],[-0.127952,50.842644],[-0.127958,50.842652],[-0.127962,50.842661],[-0.127966,50.84267],[-0.127971,50.842679],[-0.127998,50.842673]]]},"properties":{"id":"shared-z14-5.14-31","type":"shared","zone":"14","red_route":false,"tariff":"Low","pay_by_phone":null,"max_stay_mins":240,"no_return_mins":240,"schedule":[{"days":["mon","tue","wed","thu","fri","sat","sun"],"start":"08:00","end":"20:00"}],"days_raw":"Mon to Sun","times_raw":"8 am to 8 pm","max_stay_raw":"4hrs","no_return_raw":"4hrs","layer_raw":"TRO-16a-2025 Part 5.14 item 31","area_m2":40.7,"perimeter_m":44.7,"centroid":[-0.127928,50.842591],"source_objectid":null,"issues":null,"source":"traffic_order","source_text":"The Linkway, S side: From a point 6 metres south of the prolongation of the southern building line of Nos.13 to 23 The Linkway northwards for 20 metres","source_url":"https://tro.tpt.gov.uk/TRO/Brighton%20and%20Hove/912-CPZ-Amend-4-2026-TRO16a2025.pdf","price_band":"low"}},{"type":"Feature","id":"shared-z14-5.14-32","geometry":{"type":"Polygon","coordinates":[[[-0.127052,50.842248],[-0.127037,50.842248],[-0.127022,50.842248],[-0.127008,50.842249],[-0.126993,50.84225],[-0.126978,50.84225],[-0.126964,50.842251],[-0.12695,50.842252],[-0.126934,50.842253],[-0.126919,50.842254],[-0.126904,50.842256],[-0.126909,50.842274],[-0.126924,50.842272],[-0.126938,50.842271],[-0.126952,50.84227],[-0.126967,50.842269],[-0.126981,50.842268],[-0.126995,50.842268],[-0.127009,50.842267],[-0.127024,50.842267],[-0.127038,50.842266],[-0.127053,50.842266],[-0.127052,50.842248]]]},"properties":{"id":"shared-z14-5.14-32","type":"shared","zone":"14","red_route":false,"tariff":"Low","pay_by_phone":null,"max_stay_mins":240,"no_return_mins":240,"schedule":[{"days":["mon","tue","wed","thu","fri","sat","sun"],"start":"08:00","end":"20:00"}],"days_raw":"Mon to Sun","times_raw":"8 am to 8 pm","max_stay_raw":"4hrs","no_return_raw":"4hrs","layer_raw":"TRO-16a-2025 Part 5.14 item 32","area_m2":20.6,"perimeter_m":24.6,"centroid":[-0.126979,50.842259],"source_objectid":null,"issues":null,"source":"traffic_order","source_text":"The Linkway, S side: From a point 6.5 metres east of the prolongation of the western building line of Nos.49 to 59 The Linkway eastwards for 10 metres","source_url":"https://tro.tpt.gov.uk/TRO/Brighton%20and%20Hove/912-CPZ-Amend-4-2026-TRO16a2025.pdf","price_band":"low"}},{"type":"Feature","id":"shared-z14-5.14-33","geometry":{"type":"Polygon","coordinates":[[[-0.126823,50.842267],[-0.126809,50.84227],[-0.126796,50.842273],[-0.126781,50.842276],[-0.126767,50.842279],[-0.126753,50.842283],[-0.126739,50.842287],[-0.126725,50.842291],[-0.126712,50.842295],[-0.126699,50.842299],[-0.126686,50.842303],[-0.126698,50.842319],[-0.126711,50.842315],[-0.126724,50.842311],[-0.126737,50.842307],[-0.12675,50.842304],[-0.126763,50.8423],[-0.126777,50.842296],[-0.126791,50.842293],[-0.126805,50.84229],[-0.126818,50.842287],[-0.126832,50.842285],[-0.126823,50.842267]]]},"properties":{"id":"shared-z14-5.14-33","type":"shared","zone":"14","red_route":false,"tariff":"Low","pay_by_phone":null,"max_stay_mins":240,"no_return_mins":240,"schedule":[{"days":["mon","tue","wed","thu","fri","sat","sun"],"start":"08:00","end":"20:00"}],"days_raw":"Mon to Sun","times_raw":"8 am to 8 pm","max_stay_raw":"4hrs","no_return_raw":"4hrs","layer_raw":"TRO-16a-2025 Part 5.14 item 33","area_m2":20.6,"perimeter_m":24.6,"centroid":[-0.126759,50.842294],"source_objectid":null,"issues":null,"source":"traffic_order","source_text":"The Linkway, S side: From a point 22 metres east of the prolongation of the western building line of Nos.49 to 59 The Linkway eastwards for 10 metres","source_url":"https://tro.tpt.gov.uk/TRO/Brighton%20and%20Hove/912-CPZ-Amend-4-2026-TRO16a2025.pdf","price_band":"low"}},{"type":"Feature","id":"paid-z14-6.9-1","geometry":{"type":"Polygon","coordinates":[[[-0.130942,50.84397],[-0.130956,50.84397],[-0.13097,50.843971],[-0.130984,50.843971],[-0.130998,50.843972],[-0.131013,50.843972],[-0.131027,50.843973],[-0.131041,50.843974],[-0.131055,50.843974],[-0.131069,50.843975],[-0.131084,50.843975],[-0.131098,50.843976],[-0.1311,50.843958],[-0.131085,50.843957],[-0.131071,50.843957],[-0.131057,50.843956],[-0.131043,50.843955],[-0.131029,50.843955],[-0.131014,50.843954],[-0.131,50.843954],[-0.130986,50.843953],[-0.130972,50.843953],[-0.130958,50.843952],[-0.130943,50.843952],[-0.130942,50.84397]]]},"properties":{"id":"paid-z14-6.9-1","type":"paid","zone":"14","red_route":false,"tariff":"Low","pay_by_phone":null,"max_stay_mins":120,"no_return_mins":240,"schedule":[{"days":["mon","tue","wed","thu","fri","sat","sun"],"start":"08:00","end":"20:00"}],"days_raw":"Mon to Sun","times_raw":"8 am to 8 pm","max_stay_raw":"2hrs","no_return_raw":"4hrs","layer_raw":"TRO-16a-2025 Part 6.9 item 1","area_m2":22.0,"perimeter_m":26.0,"centroid":[-0.131021,50.843964],"source_objectid":null,"issues":null,"source":"traffic_order","source_text":"Hollingbury Place, N side: From a point 1.5 meters east of the boundary between Nos.1 & 3 Hollingbury Place eastwards for 11 metres","source_url":"https://tro.tpt.gov.uk/TRO/Brighton%20and%20Hove/912-CPZ-Amend-4-2026-TRO16a2025.pdf","price_band":"low"}},{"type":"Feature","id":"paid-z14-6.9-2","geometry":{"type":"Polygon","coordinates":[[[-0.13065,50.843886],[-0.130664,50.843887],[-0.130678,50.843887],[-0.130692,50.843888],[-0.130706,50.843888],[-0.13072,50.843889],[-0.130734,50.843889],[-0.130748,50.84389],[-0.130762,50.843891],[-0.130776,50.843891],[-0.13079,50.843892],[-0.130804,50.843892],[-0.130818,50.843893],[-0.130832,50.843893],[-0.130846,50.843894],[-0.13086,50.843894],[-0.130874,50.843895],[-0.130888,50.843896],[-0.130902,50.843896],[-0.130916,50.843897],[-0.13093,50.843897],[-0.130944,50.843898],[-0.130958,50.843898],[-0.130972,50.843899],[-0.130986,50.843899],[-0.131,50.8439],[-0.131014,50.8439],[-0.131028,50.843901],[-0.131042,50.843902],[-0.131056,50.843902],[-0.13107,50.843903],[-0.131084,50.843903],[-0.131098,50.843904],[-0.131112,50.843904],[-0.13111,50.843922],[-0.131096,50.843922],[-0.131082,50.843921],[-0.131068,50.843921],[-0.131054,50.84392],[-0.13104,50.84392],[-0.131026,50.843919],[-0.131012,50.843919],[-0.130998,50.843918],[-0.130984,50.843917],[-0.13097,50.843917],[-0.130956,50.843916],[-0.130942,50.843916],[-0.130928,50.843915],[-0.130914,50.843915],[-0.1309,50.843914],[-0.130886,50.843914],[-0.130872,50.843913],[-0.130858,50.843912],[-0.130844,50.843912],[-0.13083,50.843911],[-0.130816,50.843911],[-0.130802,50.84391],[-0.130788,50.84391],[-0.130774,50.843909],[-0.13076,50.843909],[-0.130746,50.843908],[-0.130732,50.843908],[-0.130718,50.843907],[-0.130704,50.843906],[-0.13069,50.843906],[-0.130676,50.843905],[-0.130663,50.843905],[-0.130649,50.843904],[-0.13065,50.843886]]]},"properties":{"id":"paid-z14-6.9-2","type":"paid","zone":"14","red_route":false,"tariff":"Low","pay_by_phone":null,"max_stay_mins":120,"no_return_mins":240,"schedule":[{"days":["mon","tue","wed","thu","fri","sat","sun"],"start":"08:00","end":"20:00"}],"days_raw":"Mon to Sun","times_raw":"8 am to 8 pm","max_stay_raw":"2hrs","no_return_raw":"4hrs","layer_raw":"TRO-16a-2025 Part 6.9 item 2","area_m2":65.0,"perimeter_m":69.0,"centroid":[-0.13088,50.843904],"source_objectid":null,"issues":null,"source":"traffic_order","source_text":"Hollingbury Place, S side: From the boundary between Nos.2 & 4 Hollingbury Place eastwards for 32.5 metres","source_url":"https://tro.tpt.gov.uk/TRO/Brighton%20and%20Hove/912-CPZ-Amend-4-2026-TRO16a2025.pdf","price_band":"low"}},{"type":"Feature","id":"paid-z14-6.10-1","geometry":{"type":"Polygon","coordinates":[[[-0.130068,50.839329],[-0.13006,50.839322],[-0.130052,50.839315],[-0.130044,50.839307],[-0.130035,50.8393],[-0.130027,50.839293],[-0.130018,50.839285],[-0.13001,50.839278],[-0.130001,50.83927],[-0.129992,50.839263],[-0.129984,50.839256],[-0.129975,50.839249],[-0.129967,50.839241],[-0.129958,50.839234],[-0.12995,50.839227],[-0.129941,50.83922],[-0.129933,50.839213],[-0.129924,50.839206],[-0.129915,50.839198],[-0.129907,50.839191],[-0.129898,50.839184],[-0.12989,50.839177],[-0.129881,50.83917],[-0.129873,50.839162],[-0.129864,50.839155],[-0.129856,50.839148],[-0.129847,50.839141],[-0.129839,50.839134],[-0.12983,50.839127],[-0.129822,50.839119],[-0.129814,50.839113],[-0.129806,50.839106],[-0.129798,50.839099],[-0.129791,50.839092],[-0.129783,50.839085],[-0.129775,50.839077],[-0.129767,50.83907],[-0.129759,50.839062],[-0.129752,50.839055],[-0.129744,50.839047],[-0.129736,50.83904],[-0.129728,50.839032],[-0.12972,50.839025],[-0.129712,50.839017],[-0.129704,50.83901],[-0.129696,50.839003],[-0.129688,50.838995],[-0.129681,50.838988],[-0.129673,50.83898],[-0.129665,50.838973],[-0.129657,50.838965],[-0.129649,50.838958],[-0.129641,50.83895],[-0.129633,50.838943],[-0.129625,50.838935],[-0.129618,50.838928],[-0.12961,50.83892],[-0.129602,50.838913],[-0.129594,50.838905],[-0.129586,50.838898],[-0.129578,50.83889],[-0.12957,50.838883],[-0.129562,50.838876],[-0.129554,50.838868],[-0.129547,50.838861],[-0.12954,50.838855],[-0.129534,50.838848],[-0.129528,50.838841],[-0.129522,50.838834],[-0.129516,50.838827],[-0.12951,50.83882],[-0.129506,50.838813],[-0.129501,50.838805],[-0.129496,50.838797],[-0.129491,50.838789],[-0.129486,50.83878],[-0.129481,50.838772],[-0.129477,50.838765],[-0.129473,50.838759],[-0.129471,50.838752],[-0.129469,50.838745],[-0.129466,50.838736],[-0.129463,50.838728],[-0.129461,50.838719],[-0.129458,50.83871],[-0.129455,50.838702],[-0.129453,50.838693],[-0.129451,50.838685],[-0.129449,50.838677],[-0.129447,50.838668],[-0.129445,50.838659],[-0.129443,50.83865],[-0.129441,50.838641],[-0.129439,50.838632],[-0.129411,50.838635],[-0.129413,50.838644],[-0.129415,50.838653],[-0.129417,50.838662],[-0.129419,50.83867],[-0.129421,50.838679],[-0.129423,50.838688],[-0.129425,50.838696],[-0.129427,50.838705],[-0.12943,50.838713],[-0.129433,50.838722],[-0.129435,50.838731],[-0.129438,50.83874],[-0.129441,50.838749],[-0.129443,50.838756],[-0.129445,50.838764],[-0.12945,50.838771],[-0.129454,50.838779],[-0.12946,50.838787],[-0.129465,50.838795],[-0.12947,50.838804],[-0.129475,50.838812],[-0.12948,50.83882],[-0.129485,50.838827],[-0.129491,50.838835],[-0.129497,50.838842],[-0.129503,50.83885],[-0.129509,50.838857],[-0.129516,50.838864],[-0.129523,50.838871],[-0.129531,50.838878],[-0.129539,50.838886],[-0.129547,50.838893],[-0.129554,50.838901],[-0.129562,50.838908],[-0.12957,50.838916],[-0.129578,50.838923],[-0.129586,50.83893],[-0.129594,50.838938],[-0.129602,50.838945],[-0.12961,50.838953],[-0.129618,50.83896],[-0.129625,50.838968],[-0.129633,50.838975],[-0.129641,50.838983],[-0.129649,50.83899],[-0.129657,50.838998],[-0.129665,50.839005],[-0.129673,50.839013],[-0.129681,50.83902],[-0.129689,50.839028],[-0.129696,50.839035],[-0.129704,50.839043],[-0.129712,50.83905],[-0.12972,50.839057],[-0.129728,50.839065],[-0.129736,50.839072],[-0.129744,50.83908],[-0.129752,50.839087],[-0.12976,50.839095],[-0.129767,50.839102],[-0.129775,50.839109],[-0.129783,50.839117],[-0.129791,50.839123],[-0.129799,50.83913],[-0.129807,50.839138],[-0.129816,50.839145],[-0.129825,50.839152],[-0.129833,50.839159],[-0.129842,50.839166],[-0.12985,50.839173],[-0.129859,50.839181],[-0.129867,50.839188],[-0.129876,50.839195],[-0.129884,50.839202],[-0.129893,50.839209],[-0.129901,50.839216],[-0.12991,50.839224],[-0.129918,50.839231],[-0.129927,50.839238],[-0.129935,50.839245],[-0.129944,50.839252],[-0.129953,50.83926],[-0.129961,50.839267],[-0.12997,50.839274],[-0.129978,50.839281],[-0.129987,50.839288],[-0.129996,50.839296],[-0.130004,50.839303],[-0.130012,50.839311],[-0.130021,50.839318],[-0.130029,50.839325],[-0.130037,50.839333],[-0.130045,50.83934],[-0.130068,50.839329]]]},"properties":{"id":"paid-z14-6.10-1","type":"paid","zone":"14","red_route":false,"tariff":"Low","pay_by_phone":null,"max_stay_mins":720,"no_return_mins":null,"schedule":[{"days":["mon","tue","wed","thu","fri","sat","sun"],"start":"08:00","end":"20:00"}],"days_raw":"Mon to Sun","times_raw":"8 am to 8 pm","max_stay_raw":"12hrs","no_return_raw":null,"layer_raw":"TRO-16a-2025 Part 6.10 item 1","area_m2":181.2,"perimeter_m":185.2,"centroid":[-0.129694,50.838996],"source_objectid":null,"issues":null,"source":"traffic_order","source_text":"Upper Hollingdean Road, S side: From a point 15 metres west of the western kerbline of Hollingdean Lane westwards for 92.5 metres","source_url":"https://tro.tpt.gov.uk/TRO/Brighton%20and%20Hove/912-CPZ-Amend-4-2026-TRO16a2025.pdf","price_band":"low-12hr"}},{"type":"Feature","id":"paid-z14-6.10-2","geometry":{"type":"Polygon","coordinates":[[[-0.131901,50.840167],[-0.131887,50.840167],[-0.131873,50.840167],[-0.13186,50.840168],[-0.131847,50.840167],[-0.131833,50.840167],[-0.131819,50.840167],[-0.131805,50.840167],[-0.131791,50.840166],[-0.131777,50.840166],[-0.131764,50.840166],[-0.13175,50.840166],[-0.131737,50.840165],[-0.131724,50.840164],[-0.131709,50.840163],[-0.131695,50.840163],[-0.131682,50.840162],[-0.131669,50.840161],[-0.131656,50.84016],[-0.131642,50.840159],[-0.131628,50.840158],[-0.131614,50.840157],[-0.131601,50.840155],[-0.131587,50.840154],[-0.131574,50.840153],[-0.131561,50.840151],[-0.131548,50.84015],[-0.131534,50.840148],[-0.13152,50.840147],[-0.131507,50.840145],[-0.131494,50.840143],[-0.131481,50.840141],[-0.131468,50.840139],[-0.131454,50.840137],[-0.13144,50.840135],[-0.131426,50.840133],[-0.131414,50.840131],[-0.131401,50.840129],[-0.131388,50.840126],[-0.131375,50.840124],[-0.131362,50.840121],[-0.131348,50.840119],[-0.131335,50.840116],[-0.131322,50.840114],[-0.131313,50.840131],[-0.131326,50.840133],[-0.13134,50.840136],[-0.131354,50.840139],[-0.131367,50.840141],[-0.13138,50.840144],[-0.131393,50.840146],[-0.131406,50.840148],[-0.13142,50.84015],[-0.131433,50.840153],[-0.131447,50.840155],[-0.131461,50.840157],[-0.131475,50.840159],[-0.131488,50.840161],[-0.131501,50.840163],[-0.131515,50.840164],[-0.131528,50.840166],[-0.131542,50.840168],[-0.131556,50.840169],[-0.13157,50.840171],[-0.131583,50.840172],[-0.131597,50.840173],[-0.13161,50.840175],[-0.131625,50.840176],[-0.131639,50.840177],[-0.131652,50.840178],[-0.131666,50.840179],[-0.131679,50.84018],[-0.131693,50.840181],[-0.131707,50.840181],[-0.131721,50.840182],[-0.131735,50.840183],[-0.131749,50.840184],[-0.131762,50.840184],[-0.131776,50.840184],[-0.13179,50.840184],[-0.131804,50.840185],[-0.131818,50.840185],[-0.131832,50.840185],[-0.131846,50.840185],[-0.13186,50.840186],[-0.131874,50.840185],[-0.131887,50.840185],[-0.131902,50.840185],[-0.131901,50.840167]]]},"properties":{"id":"paid-z14-6.10-2","type":"paid","zone":"14","red_route":false,"tariff":"Low","pay_by_phone":null,"max_stay_mins":720,"no_return_mins":null,"schedule":[{"days":["mon","tue","wed","thu","fri","sat","sun"],"start":"08:00","end":"20:00"}],"days_raw":"Mon to Sun","times_raw":"8 am to 8 pm","max_stay_raw":"12hrs","no_return_raw":null,"layer_raw":"TRO-16a-2025 Part 6.10 item 2","area_m2":83.3,"perimeter_m":87.3,"centroid":[-0.131607,50.840159],"source_objectid":null,"issues":null,"source":"traffic_order","source_text":"Upper Hollingdean Road, S side: From a point 30.5 metres west of the prolongation of the western kerbline of Roedale Road westwards for 43 metres","source_url":"https://tro.tpt.gov.uk/TRO/Brighton%20and%20Hove/912-CPZ-Amend-4-2026-TRO16a2025.pdf","price_band":"low-12hr"}},{"type":"Feature","id":"paid-z14-6.10-3","geometry":{"type":"Polygon","coordinates":[[[-0.132605,50.840053],[-0.132593,50.840056],[-0.132582,50.84006],[-0.132569,50.840063],[-0.132556,50.840067],[-0.132544,50.840071],[-0.132532,50.840074],[-0.13252,50.840077],[-0.132507,50.84008],[-0.132494,50.840084],[-0.132481,50.840087],[-0.132468,50.84009],[-0.132455,50.840093],[-0.132443,50.840096],[-0.13243,50.840099],[-0.132418,50.840101],[-0.132404,50.840104],[-0.132391,50.840107],[-0.132378,50.84011],[-0.132365,50.840112],[-0.132352,50.840115],[-0.132339,50.840117],[-0.132325,50.84012],[-0.132312,50.840122],[-0.132298,50.840125],[-0.132284,50.840127],[-0.132271,50.84013],[-0.132257,50.840132],[-0.132243,50.840135],[-0.13223,50.840137],[-0.132216,50.84014],[-0.132202,50.840142],[-0.132189,50.840145],[-0.132175,50.840147],[-0.132163,50.840149],[-0.132151,50.840151],[-0.132158,50.840169],[-0.13217,50.840167],[-0.132183,50.840165],[-0.132197,50.840162],[-0.13221,50.84016],[-0.132224,50.840157],[-0.132238,50.840155],[-0.132251,50.840152],[-0.132265,50.84015],[-0.132279,50.840147],[-0.132292,50.840145],[-0.132306,50.840142],[-0.13232,50.84014],[-0.132333,50.840137],[-0.132347,50.840135],[-0.13236,50.840132],[-0.132373,50.84013],[-0.132386,50.840127],[-0.1324,50.840124],[-0.132413,50.840121],[-0.132427,50.840119],[-0.13244,50.840116],[-0.132453,50.840113],[-0.132465,50.84011],[-0.132478,50.840107],[-0.132491,50.840104],[-0.132505,50.8401],[-0.132518,50.840097],[-0.13253,50.840094],[-0.132543,50.840091],[-0.132555,50.840087],[-0.132568,50.840084],[-0.132581,50.84008],[-0.132594,50.840076],[-0.132606,50.840073],[-0.132618,50.840069],[-0.132605,50.840053]]]},"properties":{"id":"paid-z14-6.10-3","type":"paid","zone":"14","red_route":false,"tariff":"Low","pay_by_phone":null,"max_stay_mins":720,"no_return_mins":null,"schedule":[{"days":["mon","tue","wed","thu","fri","sat","sun"],"start":"08:00","end":"20:00"}],"days_raw":"Mon to Sun","times_raw":"8 am to 8 pm","max_stay_raw":"12hrs","no_return_raw":null,"layer_raw":"TRO-16a-2025 Part 6.10 item 3","area_m2":68.0,"perimeter_m":72.0,"centroid":[-0.132385,50.84012],"source_objectid":null,"issues":null,"source":"traffic_order","source_text":"Upper Hollingdean Road, S side: From a point 4 metres west of the prolongation of the eastern kerbline of Hollingbury Road westwards for 35 metres","source_url":"https://tro.tpt.gov.uk/TRO/Brighton%20and%20Hove/912-CPZ-Amend-4-2026-TRO16a2025.pdf","price_band":"low-12hr"}},{"type":"Feature","id":"paid-z14-6.10-4","geometry":{"type":"Polygon","coordinates":[[[-0.133158,50.839767],[-0.13315,50.839773],[-0.133141,50.83978],[-0.133132,50.839787],[-0.133124,50.839794],[-0.133116,50.8398],[-0.133107,50.839806],[-0.133098,50.839813],[-0.133089,50.839819],[-0.133079,50.839826],[-0.13307,50.839833],[-0.13306,50.839839],[-0.13305,50.839846],[-0.133041,50.839853],[-0.133031,50.839859],[-0.133022,50.839866],[-0.133043,50.839878],[-0.133052,50.839871],[-0.133062,50.839865],[-0.133071,50.839858],[-0.133081,50.839851],[-0.133091,50.839845],[-0.1331,50.839838],[-0.13311,50.839831],[-0.133119,50.839825],[-0.133129,50.839818],[-0.133138,50.839812],[-0.133146,50.839805],[-0.133155,50.839798],[-0.133164,50.839791],[-0.133172,50.839784],[-0.133181,50.839777],[-0.133158,50.839767]]]},"properties":{"id":"paid-z14-6.10-4","type":"paid","zone":"14","red_route":false,"tariff":"Low","pay_by_phone":null,"max_stay_mins":720,"no_return_mins":null,"schedule":[{"days":["mon","tue","wed","thu","fri","sat","sun"],"start":"08:00","end":"20:00"}],"days_raw":"Mon to Sun","times_raw":"8 am to 8 pm","max_stay_raw":"12hrs","no_return_raw":null,"layer_raw":"TRO-16a-2025 Part 6.10 item 4","area_m2":29.3,"perimeter_m":33.3,"centroid":[-0.133102,50.839818],"source_objectid":null,"issues":null,"source":"traffic_order","source_text":"Upper Hollingdean Road, S side: From a point 45.5 metres east of the eastern kerbline of Ditchling Road eastwards for 15 metres","source_url":"https://tro.tpt.gov.uk/TRO/Brighton%20and%20Hove/912-CPZ-Amend-4-2026-TRO16a2025.pdf","price_band":"low-12hr"}}]}